単語ペア,単語1,単語2,共起回数
おすすめ ゲーム,おすすめ,ゲーム,18
おすすめ 異変,おすすめ,異変,15
ゲーム 異変,ゲーム,異変,12
探す 異変,探す,異変,11
おすすめ 面白い,おすすめ,面白い,10
できる クリア,できる,クリア,10
異変 異変,異変,異変,9
思う 異変,思う,異変,9
b b,b,b,9
おすすめ できる,おすすめ,できる,8
おすすめ プレイ,おすすめ,プレイ,8
おすすめ クリア,おすすめ,クリア,8
プレイ 異変,プレイ,異変,8
b i,b,i,8
できる ゲーム,できる,ゲーム,7
異変 進む,異変,進む,7
異変 見つける,異変,見つける,7
しまう 異変,しまう,異変,7
映画 異変,映画,異変,7
h1 おすすめ,h1,おすすめ,6
異変 見逃す,異変,見逃す,6
おすすめ 楽しめる,おすすめ,楽しめる,6
できる プレイ,できる,プレイ,6
ホラー 要素,ホラー,要素,6
異変 面白い,異変,面白い,6
クリア 異変,クリア,異変,6
ゲーム 間違い探し,ゲーム,間違い探し,6
わかりやすい 異変,わかりやすい,異変,6
b 本作,b,本作,6
b 異変,b,異変,6
b 俳優,b,俳優,6
b 問題,b,問題,6
映画 遊ぶ,映画,遊ぶ,5
シンプル 異変,シンプル,異変,5
おすすめ 探す,おすすめ,探す,5
ゲーム 探す,ゲーム,探す,5
異変 音,異変,音,5
おすすめ 映画,おすすめ,映画,5
ゲーム プレイ,ゲーム,プレイ,5
8番 ライク,8番,ライク,5
ホラー 苦手,ホラー,苦手,5
異変 追加,異変,追加,5
異変 遊ぶ,異変,遊ぶ,5
多く 異変,多く,異変,5
わかる 異変,わかる,異変,5
怖い 異変,怖い,異変,5
戻る 異変,戻る,異変,4
1時間 クリア,1時間,クリア,4
全て 異変,全て,異変,4
いく 異変,いく,異変,4
できる 楽しい,できる,楽しい,4
ウォーキング シミュレーター,ウォーキング,シミュレーター,4
おすすめ 間違い探し,おすすめ,間違い探し,4
できる ホラー,できる,ホラー,4
おすすめ シンプル,おすすめ,シンプル,4
しまう 探す,しまう,探す,4
ゲーム 舞台,ゲーム,舞台,4
シンプル 探す,シンプル,探す,4
ゲーム 面白い,ゲーム,面白い,4
地下道 歩く,地下道,歩く,4
バリエーション 異変,バリエーション,異変,4
td td,td,td,4
プレイ 思う,プレイ,思う,4
思う 遊ぶ,思う,遊ぶ,4
できる 思う,できる,思う,4
おすすめ 怖い,おすすめ,怖い,4
ゲーム 極端,ゲーム,極端,4
異変 要素,異変,要素,4
すべて 異変,すべて,異変,4
怖い 要素,怖い,要素,4
クリア 思う,クリア,思う,4
多く 怖い,多く,怖い,4
多く 音,多く,音,4
多く 鳴る,多く,鳴る,4
怖い 音,怖い,音,4
怖い 鳴る,怖い,鳴る,4
異変 鳴る,異変,鳴る,4
音 鳴る,音,鳴る,4
b プレイヤー,b,プレイヤー,4
i 異変,i,異変,4
b pc,b,pc,4
b 動作,b,動作,4
俳優 問題,俳優,問題,4
b ゲーム,b,ゲーム,4
8番 出口,8番,出口,3
おすすめ 良い,おすすめ,良い,3
ゲーム シンプル,ゲーム,シンプル,3
シンプル 戻る,シンプル,戻る,3
シンプル 進む,シンプル,進む,3
戻る 進む,戻る,進む,3
ゲーム 体験,ゲーム,体験,3
ゲーム 作品,ゲーム,作品,3
個人的 楽しめる,個人的,楽しめる,3
おすすめ 見つける,おすすめ,見つける,3
おすすめ 作品,おすすめ,作品,3
異変 非常,異変,非常,3
おすすめ 話題,おすすめ,話題,3
おすすめ おもしろい,おすすめ,おもしろい,3
できる 見る,できる,見る,3
ゲーム 楽しい,ゲーム,楽しい,3
プレイ 楽しい,プレイ,楽しい,3
おすすめ ウォーキング,おすすめ,ウォーキング,3
おすすめ シミュレーター,おすすめ,シミュレーター,3
オススメ ゲーム,オススメ,ゲーム,3
ゲーム 映画,ゲーム,映画,3
引き返す 進む,引き返す,進む,3
クリア ミス,クリア,ミス,3
引き返す 異変,引き返す,異変,3
分かる 異変,分かる,異変,3
プレイ 探す,プレイ,探す,3
異変 疑心暗鬼,異変,疑心暗鬼,3
プレイ 遊ぶ,プレイ,遊ぶ,3
遊べる 長い,遊べる,長い,3
少ない 怖い,少ない,怖い,3
少ない 舞台,少ない,舞台,3
判断 異変,判断,異変,3
異変 種類,異変,種類,3
ゲーム 怖い,ゲーム,怖い,3
ゲーム 思う,ゲーム,思う,3
ゲーム 多い,ゲーム,多い,3
思う 映画,思う,映画,3
できる 良い,できる,良い,3
できる 簡単,できる,簡単,3
ゲーム 場所,ゲーム,場所,3
ゲーム 少ない,ゲーム,少ない,3
ゲーム 量,ゲーム,量,3
多く 要素,多く,要素,3
たま 異変,たま,異変,3
異変 記念,異変,記念,3
おすすめ すべて,おすすめ,すべて,3
すべて 見つける,すべて,見つける,3
異変 豊富,異変,豊富,3
w とる,w,とる,3
おすすめ ルール,おすすめ,ルール,3
わかりにくい 異変,わかりにくい,異変,3
ゲーム 問題,ゲーム,問題,3
楽しい 異変,楽しい,異変,3
できる 戻る,できる,戻る,3
怖い 量,怖い,量,3
オススメ 個人的,オススメ,個人的,3
オススメ 絶対,オススメ,絶対,3
b オススメ,b,オススメ,3
b 個人的,b,個人的,3
h h,h,h,3
b ホラーゲーム,b,ホラーゲーム,3
i ホラーゲーム,i,ホラーゲーム,3
b プレイ,b,プレイ,3
b 素晴らしい,b,素晴らしい,3
加害 問題,加害,問題,3
問題 社会的,問題,社会的,3
問題 容認,問題,容認,3
問題 開発会社,問題,開発会社,3
容認 開発会社,容認,開発会社,3
プレイ レビュー,プレイ,レビュー,2
8番 おすすめ,8番,おすすめ,2
おすすめ 好き,おすすめ,好き,2
おすすめ 持つ,おすすめ,持つ,2
ゲーム 上,ゲーム,上,2
作品 現れる,作品,現れる,2
山 現れる,山,現れる,2
現れる 超える,現れる,超える,2
ゲーム 戻る,ゲーム,戻る,2
ゲーム 進む,ゲーム,進む,2
できる 認識,できる,認識,2
ゲーム 間違い,ゲーム,間違い,2
ゲーム 遊ぶ,ゲーム,遊ぶ,2
ゲーム 長い,ゲーム,長い,2
おすすめ ちゃう,おすすめ,ちゃう,2
ゲーム 全て,ゲーム,全て,2
ゲーム 見つける,ゲーム,見つける,2
全て 見つける,全て,見つける,2
いく つく,いく,つく,2
シンプル 自体,シンプル,自体,2
異変 良い,異変,良い,2
探す 面白い,探す,面白い,2
対象 範囲,対象,範囲,2
対象 間違い探し,対象,間違い探し,2
範囲 間違い探し,範囲,間違い探し,2
1つ いく,1つ,いく,2
1つ キャラ,1つ,キャラ,2
1つ 不明,1つ,不明,2
1つ 作業,1つ,作業,2
1つ 対象,1つ,対象,2
1つ 操作,1つ,操作,2
1つ 範囲,1つ,範囲,2
1つ 繰り返し,1つ,繰り返し,2
1つ 間違い探し,1つ,間違い探し,2
1つ 飽きる,1つ,飽きる,2
もったいない プレイ,もったいない,プレイ,2
ゲーム 理由,ゲーム,理由,2
コイン プレイ,コイン,プレイ,2
プレイ 完結,プレイ,完結,2
プレイ 楽しみ,プレイ,楽しみ,2
プレイ 理由,プレイ,理由,2
プレイ 薄める,プレイ,薄める,2
プレイ 見る,プレイ,見る,2
プレイ 買える,プレイ,買える,2
プレイ 強い,プレイ,強い,2
おじさん おすすめ,おじさん,おすすめ,2
無い 異変,無い,異変,2
無い 進む,無い,進む,2
地下通路 駅,地下通路,駅,2
オススメ 遊ぶ,オススメ,遊ぶ,2
ゲーム 実写映画化,ゲーム,実写映画化,2
思う 進む,思う,進む,2
クリア 回数,クリア,回数,2
ゲーム性 程度,ゲーム性,程度,2
苦手 要素,苦手,要素,2
できる 苦手,できる,苦手,2
プレイ ホラー,プレイ,ホラー,2
ホラー ホラー,ホラー,ホラー,2
ホラー 強い,ホラー,強い,2
ホラー 楽しい,ホラー,楽しい,2
おすすめ 映画化,おすすめ,映画化,2
ゲーム 映画化,ゲーム,映画化,2
異変 結局,異変,結局,2
実績 解除,実績,解除,2
いただく 探す,いただく,探す,2
いただく 異変,いただく,異変,2
おすすめ しまう,おすすめ,しまう,2
しまう プレイ,しまう,プレイ,2
しまう 間違い,しまう,間違い,2
ゲーム 楽しめる,ゲーム,楽しめる,2
プレイ 楽しめる,プレイ,楽しめる,2
プレイ 疑心暗鬼,プレイ,疑心暗鬼,2
作り 探す,作り,探す,2
作り 異変,作り,異変,2
原点 探す,原点,探す,2
原点 異変,原点,異変,2
地下通路 探す,地下通路,探す,2
地下通路 異変,地下通路,異変,2
悩む 探す,悩む,探す,2
悩む 異変,悩む,異変,2
探す 楽しめる,探す,楽しめる,2
探す 様々,探す,様々,2
探す 疑心暗鬼,探す,疑心暗鬼,2
探す 舞台,探す,舞台,2
探す 間違い,探す,間違い,2
探す 駅,探す,駅,2
楽しめる 異変,楽しめる,異変,2
様々 異変,様々,異変,2
異変 舞台,異変,舞台,2
異変 間違い,異変,間違い,2
異変 駅,異変,駅,2
できる 遊ぶ,できる,遊ぶ,2
思う 話題,思う,話題,2
ゲーム 勧める,ゲーム,勧める,2
1回 ゲーム,1回,ゲーム,2
クリア ゲーム,クリア,ゲーム,2
3時間 遊べる,3時間,遊べる,2
おすすめ 値段,おすすめ,値段,2
おすすめ 遊べる,おすすめ,遊べる,2
値段 遊べる,値段,遊べる,2
見合う 遊べる,見合う,遊べる,2
good おすすめ,good,おすすめ,2
おすすめ 楽しい,おすすめ,楽しい,2
おすすめ 買う,おすすめ,買う,2
h1 h1,h1,h1,2
h1 化す,h1,化す,2
h1 地下道,h1,地下道,2
h1 異界,h1,異界,2
h1 脱出,h1,脱出,2
おすすめ 地下道,おすすめ,地下道,2
おすすめ 脱出,おすすめ,脱出,2
異変 隠す,異変,隠す,2
そこはかとない 地下道,そこはかとない,地下道,2
オフィス街 地下道,オフィス街,地下道,2
メーター 地下道,メーター,地下道,2
リアル 地下道,リアル,地下道,2
リアル 少ない,リアル,少ない,2
リアル 舞台,リアル,舞台,2
内装 地下道,内装,地下道,2
地下道 少ない,地下道,少ない,2
地下道 怖い,地下道,怖い,2
地下道 日曜,地下道,日曜,2
地下道 気配,地下道,気配,2
地下道 程度,地下道,程度,2
地下道 素っ気,地下道,素っ気,2
地下道 舞台,地下道,舞台,2
地下道 趣き,地下道,趣き,2
ごと 異変,ごと,異変,2
どちら 異変,どちら,異変,2
ラウンド 異変,ラウンド,異変,2
回数 異変,回数,異変,2
正しい 異変,正しい,異変,2
正解 異変,正解,異変,2
異変 規定,異変,規定,2
異変 連続,異変,連続,2
しまう 部分,しまう,部分,2
はず 部分,はず,部分,2
判断 部分,判断,部分,2
明らか 部分,明らか,部分,2
異変 部分,異変,部分,2
異様 部分,異様,部分,2
見つける 部分,見つける,部分,2
迷う 部分,迷う,部分,2
プレイ 作品,プレイ,作品,2
th th,th,th,2
th 依存度,th,依存度,2
th 言語,th,言語,2
th 対応,th,対応,2
th 日本語,th,日本語,2
td 難易度,td,難易度,2
td 恐怖,td,恐怖,2
ゲーム 話題,ゲーム,話題,2
プレイ 話題,プレイ,話題,2
怖い 思う,怖い,思う,2
思う 高い,思う,高い,2
できる 映画,できる,映画,2
伴う 公開,伴う,公開,2
伴う 夏,伴う,夏,2
伴う 映画,伴う,映画,2
公開 夏,公開,夏,2
公開 映画,公開,映画,2
夏 映画,夏,映画,2
グラフィック 綺麗,グラフィック,綺麗,2
プレイ 非常,プレイ,非常,2
ゲーム ゲーム,ゲーム,ゲーム,2
ゲーム 引き返す,ゲーム,引き返す,2
ゲーム 心配,ゲーム,心配,2
ゲーム 曲がる,ゲーム,曲がる,2
ゲーム 酔い,ゲーム,酔い,2
あたり 思う,あたり,思う,2
あたり 異変,あたり,異変,2
あたり 遊ぶ,あたり,遊ぶ,2
うえ 思う,うえ,思う,2
うえ 異変,うえ,異変,2
うえ 遊ぶ,うえ,遊ぶ,2
しまう 思う,しまう,思う,2
しまう 見逃す,しまう,見逃す,2
しまう 遊ぶ,しまう,遊ぶ,2
一見 思う,一見,思う,2
一見 異変,一見,異変,2
一見 遊ぶ,一見,遊ぶ,2
全て 思う,全て,思う,2
全て 遊ぶ,全て,遊ぶ,2
分かる 思う,分かる,思う,2
分かる 遊ぶ,分かる,遊ぶ,2
思う 暗記,思う,暗記,2
思う 有す,思う,有す,2
思う 知識,思う,知識,2
思う 稀,思う,稀,2
思う 見逃す,思う,見逃す,2
思う 飽き,思う,飽き,2
暗記 異変,暗記,異変,2
暗記 遊ぶ,暗記,遊ぶ,2
有す 異変,有す,異変,2
有す 遊ぶ,有す,遊ぶ,2
異変 知識,異変,知識,2
異変 稀,異変,稀,2
異変 飽き,異変,飽き,2
知識 遊ぶ,知識,遊ぶ,2
稀 遊ぶ,稀,遊ぶ,2
見逃す 遊ぶ,見逃す,遊ぶ,2
遊ぶ 飽き,遊ぶ,飽き,2
映画 追加,映画,追加,2
ジャンプスケア 不気味,ジャンプスケア,不気味,2
ありがとう ゲーム,ありがとう,ゲーム,2
おすすめ ナイス,おすすめ,ナイス,2
ゲーム ナイス,ゲーム,ナイス,2
ナイス 映画化,ナイス,映画化,2
キャラ 移動,キャラ,移動,2
完結 移動,完結,移動,2
移動 視点,移動,視点,2
できる できる,できる,できる,2
できる 予測,できる,予測,2
できる 満足,できる,満足,2
ゲーム 流行る,ゲーム,流行る,2
ゲーム 簡単,ゲーム,簡単,2
簡単 間違い探し,簡単,間違い探し,2
おすすめ 難しい,おすすめ,難しい,2
おすすめ 不気味,おすすめ,不気味,2
異変 頑張る,異変,頑張る,2
おすすめ 多く,おすすめ,多く,2
グラフィック 凹凸,グラフィック,凹凸,2
グラフィック 制作,グラフィック,制作,2
フォト リアル,フォト,リアル,2
個人 制作,個人,制作,2
凹凸 制作,凹凸,制作,2
凹凸 少ない,凹凸,少ない,2
凹凸 駅構内,凹凸,駅構内,2
場所 少ない,場所,少ない,2
場所 極端,場所,極端,2
場所 舞台,場所,舞台,2
少ない 極端,少ない,極端,2
少ない 駅構内,少ない,駅構内,2
極端 舞台,極端,舞台,2
p.t. ゲーム,p.t.,ゲーム,2
アセット ゲーム,アセット,ゲーム,2
ゲーム ループ,ゲーム,ループ,2
ゲーム 実現,ゲーム,実現,2
ゲーム 成立,ゲーム,成立,2
ゲーム 進行,ゲーム,進行,2
ゲーム 選び,ゲーム,選び,2
ゲーム 開発者,ゲーム,開発者,2
体験 開発者,体験,開発者,2
少ない 量,少ない,量,2
おすすめ 要素,おすすめ,要素,2
思う 要素,思う,要素,2
間違い探し 面白い,間違い探し,面白い,2
大体 異変,大体,異変,2
気づく 異変,気づく,異変,2
不気味 雰囲気,不気味,雰囲気,2
映画 記念,映画,記念,2
異変 確認,異変,確認,2
おすすめ ホラー,おすすめ,ホラー,2
ホラー 間違い探し,ホラー,間違い探し,2
地味 異変,地味,異変,2
派手 異変,派手,異変,2
ゲーム 自体,ゲーム,自体,2
おすすめ ドキドキ,おすすめ,ドキドキ,2
しない 課金,しない,課金,2
しまう 課金,しまう,課金,2
コンテンツ 課金,コンテンツ,課金,2
派 課金,派,課金,2
課金 追加,課金,追加,2
おすすめ 単純,おすすめ,単純,2
ルール 単純,ルール,単純,2
単純 異変,単純,異変,2
原作 映画,原作,映画,2
原作 異変,原作,異変,2
新しい 異変,新しい,異変,2
ゲーム 内容,ゲーム,内容,2
w おもろい,w,おもろい,2
w ひょうしぬけ,w,ひょうしぬけ,2
w 思う,w,思う,2
w 映画,w,映画,2
8回 できる,8回,できる,2
8回 クリア,8回,クリア,2
こなす できる,こなす,できる,2
こなす クリア,こなす,クリア,2
できる めげる,できる,めげる,2
できる ミス,できる,ミス,2
できる 塩梅,できる,塩梅,2
できる 感じる,できる,感じる,2
できる 救い,できる,救い,2
できる 数字,できる,数字,2
できる 済む,できる,済む,2
できる 絶望,できる,絶望,2
めげる クリア,めげる,クリア,2
クリア 塩梅,クリア,塩梅,2
クリア 感じる,クリア,感じる,2
クリア 戻る,クリア,戻る,2
クリア 救い,クリア,救い,2
クリア 数字,クリア,数字,2
クリア 済む,クリア,済む,2
クリア 絶望,クリア,絶望,2
クリア 良い,クリア,良い,2
クリア 見る,クリア,見る,2
ミス 感じる,ミス,感じる,2
思う 良い,思う,良い,2
記念 追加,記念,追加,2
おすすめ よい,おすすめ,よい,2
おすすめ 実況,おすすめ,実況,2
気付け 間違い,気付け,間違い,2
わかりやすい 多く,わかりやすい,多く,2
わかりやすい 怖い,わかりやすい,怖い,2
わかりやすい 音,わかりやすい,音,2
わかりやすい 鳴る,わかりやすい,鳴る,2
アンバランス 多く,アンバランス,多く,2
アンバランス 怖い,アンバランス,怖い,2
アンバランス 異変,アンバランス,異変,2
アンバランス 音,アンバランス,音,2
アンバランス 鳴る,アンバランス,鳴る,2
ホラー 多く,ホラー,多く,2
ホラー 怖い,ホラー,怖い,2
ホラー 異変,ホラー,異変,2
ホラー 音,ホラー,音,2
ホラー 鳴る,ホラー,鳴る,2
ユーザー 多く,ユーザー,多く,2
ユーザー 怖い,ユーザー,怖い,2
ユーザー 異変,ユーザー,異変,2
ユーザー 音,ユーザー,音,2
ユーザー 鳴る,ユーザー,鳴る,2
効果音 多く,効果音,多く,2
効果音 怖い,効果音,怖い,2
効果音 異変,効果音,異変,2
効果音 音,効果音,音,2
効果音 鳴る,効果音,鳴る,2
多く 少ない,多く,少ない,2
多く 忍び寄る,多く,忍び寄る,2
多く 明確,多く,明確,2
多く 時点,多く,時点,2
多く 無音,多く,無音,2
多く 絶対,多く,絶対,2
多く 褒美,多く,褒美,2
多く 量,多く,量,2
少ない 異変,少ない,異変,2
少ない 音,少ない,音,2
少ない 鳴る,少ない,鳴る,2
忍び寄る 怖い,忍び寄る,怖い,2
忍び寄る 異変,忍び寄る,異変,2
忍び寄る 音,忍び寄る,音,2
忍び寄る 鳴る,忍び寄る,鳴る,2
怖い 明確,怖い,明確,2
怖い 時点,怖い,時点,2
怖い 無音,怖い,無音,2
怖い 絶対,怖い,絶対,2
怖い 褒美,怖い,褒美,2
明確 異変,明確,異変,2
明確 音,明確,音,2
明確 鳴る,明確,鳴る,2
時点 異変,時点,異変,2
時点 音,時点,音,2
時点 鳴る,時点,鳴る,2
無音 異変,無音,異変,2
無音 音,無音,音,2
無音 鳴る,無音,鳴る,2
異変 絶対,異変,絶対,2
異変 褒美,異変,褒美,2
異変 量,異変,量,2
絶対 音,絶対,音,2
絶対 鳴る,絶対,鳴る,2
褒美 音,褒美,音,2
褒美 鳴る,褒美,鳴る,2
要素 音,要素,音,2
要素 鳴る,要素,鳴る,2
量 音,量,音,2
量 鳴る,量,鳴る,2
プレイフィール 違和感,プレイフィール,違和感,2
クリア ホラー,クリア,ホラー,2
ホラー 程よい,ホラー,程よい,2
ホラー 難易度,ホラー,難易度,2
ゲーム 単純,ゲーム,単純,2
おすすめ すごい,おすすめ,すごい,2
できる 素晴らしい,できる,素晴らしい,2
おすすめ 個人的,おすすめ,個人的,2
すごい クオリティ,すごい,クオリティ,2
すごい グラフィック,すごい,グラフィック,2
すごい 値段,すごい,値段,2
すごい 安い,すごい,安い,2
すごい 満足度,すごい,満足度,2
レベル 異変,レベル,異変,2
注意 異変,注意,異変,2
びっくり 異変,びっくり,異変,2
ゲーム ホラー,ゲーム,ホラー,2
h1 オススメ,h1,オススメ,2
h1 ホラーゲーム,h1,ホラーゲーム,2
h1 個人的,h1,個人的,2
h1 完璧,h1,完璧,2
h1 絶対,h1,絶対,2
ホラーゲーム 完璧,ホラーゲーム,完璧,2
個人的 絶対,個人的,絶対,2
b レビュー,b,レビュー,2
b 結論,b,結論,2
h プレイヤー,h,プレイヤー,2
h ホラー,h,ホラー,2
h 体験,h,体験,2
h 尊重,h,尊重,2
h 至高,h,至高,2
プレイヤー 尊重,プレイヤー,尊重,2
吹き込む 新風,吹き込む,新風,2
b 引き返す,b,引き返す,2
b 強制的,b,強制的,2
b 従来,b,従来,2
b 恐怖,b,恐怖,2
b 決めつける,b,決めつける,2
b 背ける,b,背ける,2
b 許容,b,許容,2
b 進む,b,進む,2
i プレイヤー,i,プレイヤー,2
i 引き返す,i,引き返す,2
i 強制的,i,強制的,2
i 従来,i,従来,2
i 恐怖,i,恐怖,2
i 本作,i,本作,2
i 決めつける,i,決めつける,2
i 背ける,i,背ける,2
i 許容,i,許容,2
i 進む,i,進む,2
プレイヤー ホラーゲーム,プレイヤー,ホラーゲーム,2
プレイヤー 異変,プレイヤー,異変,2
ホラーゲーム 異変,ホラーゲーム,異変,2
強制的 異変,強制的,異変,2
従来 異変,従来,異変,2
恐怖 異変,恐怖,異変,2
本作 異変,本作,異変,2
決めつける 異変,決めつける,異変,2
異変 背ける,異変,背ける,2
異変 許容,異変,許容,2
8番 ゲーム,8番,ゲーム,2
8番 ヒット,8番,ヒット,2
8番 多数,8番,多数,2
8番 生み出す,8番,生み出す,2
8番 証明,8番,証明,2
ゲーム ライク,ゲーム,ライク,2
ヒット ライク,ヒット,ライク,2
ライク 出口,ライク,出口,2
ライク 多数,ライク,多数,2
ライク 生み出す,ライク,生み出す,2
ライク 証明,ライク,証明,2
b させる,b,させる,2
b パターン,b,パターン,2
b 何度,b,何度,2
b 種類,b,種類,2
b 肝,b,肝,2
b 豊富,b,豊富,2
b 非常,b,非常,2
b 飽きる,b,飽きる,2
プレイヤー 演出,プレイヤー,演出,2
h pc,h,pc,2
h ゲーム,h,ゲーム,2
h 優しい,h,優しい,2
h 稀有,h,稀有,2
h 財布,h,財布,2
pc 優しい,pc,優しい,2
pc 財布,pc,財布,2
ゲーム 稀有,ゲーム,稀有,2
優しい 財布,優しい,財布,2
b 内容,b,内容,2
b 少ない,b,少ない,2
b 特筆,b,特筆,2
b 負担,b,負担,2
b 軽快,b,軽快,2
pc 動作,pc,動作,2
b スムーズ,b,スムーズ,2
b ハイエンド,b,ハイエンド,2
b 価格,b,価格,2
b 優しい,b,優しい,2
b 手頃,b,手頃,2
b 提供,b,提供,2
b 最新,b,最新,2
b 財布,b,財布,2
できる 気軽,できる,気軽,2
プレイ 気軽,プレイ,気軽,2
h できる,h,できる,2
h 問題,h,問題,2
h 絶対,h,絶対,2
h 致命,h,致命,2
h 許容,h,許容,2
できる 問題,できる,問題,2
ゲーム 絶対,ゲーム,絶対,2
b 主演,b,主演,2
b 実写映画,b,実写映画,2
b 選ぶ,b,選ぶ,2
b 個人的嫌悪,b,個人的嫌悪,2
b 加害,b,加害,2
b 対象外,b,対象外,2
b 所属,b,所属,2
b 社会的,b,社会的,2
b 組織,b,組織,2
b 見過ごせる,b,見過ごせる,2
b 議論,b,議論,2
b 起こす,b,起こす,2
個人的嫌悪 問題,個人的嫌悪,問題,2
問題 対象外,問題,対象外,2
問題 所属,問題,所属,2
問題 組織,問題,組織,2
問題 見過ごせる,問題,見過ごせる,2
問題 議論,問題,議論,2
問題 起こす,問題,起こす,2
b 容認,b,容認,2
b 思える,b,思える,2
b 起用,b,起用,2
b 開発会社,b,開発会社,2
アップデート 異変,アップデート,異変,2
アップデート 追加,アップデート,追加,2
ゲーム プレイヤー,ゲーム,プレイヤー,2
b なす,b,なす,2
b 世界観,b,世界観,2
b 含める,b,含める,2
b 映り,b,映り,2
b 演出,b,演出,2
b 表現,b,表現,2
b 込み,b,込み,2
問題 社会,問題,社会,2
ゲーム 批判,ゲーム,批判,2
主張 批判,主張,批判,2
批判 映画,批判,映画,2
批判 理解,批判,理解,2
b u,b,u,2
クリア 映画,クリア,映画,2
プレイ 判定,プレイ,判定,1
プレイ 本文,プレイ,本文,1
プレイ 番号,プレイ,番号,1
レビュー 判定,レビュー,判定,1
レビュー 本文,レビュー,本文,1
レビュー 番号,レビュー,番号,1
判定 本文,判定,本文,1
判定 番号,判定,番号,1
本文 番号,本文,番号,1
8番 プラットホーム,8番,プラットホーム,1
8番 好き,8番,好き,1
8番 持つ,8番,持つ,1
8番 見にくい,8番,見にくい,1
おすすめ プラットホーム,おすすめ,プラットホーム,1
おすすめ 出口,おすすめ,出口,1
おすすめ 見にくい,おすすめ,見にくい,1
プラットホーム 出口,プラットホーム,出口,1
プラットホーム 好き,プラットホーム,好き,1
プラットホーム 持つ,プラットホーム,持つ,1
プラットホーム 見にくい,プラットホーム,見にくい,1
出口 好き,出口,好き,1
出口 持つ,出口,持つ,1
出口 見にくい,出口,見にくい,1
好き 持つ,好き,持つ,1
好き 見にくい,好き,見にくい,1
持つ 見にくい,持つ,見にくい,1
既視感 映画,既視感,映画,1
既視感 遊ぶ,既視感,遊ぶ,1
既視感 面白い,既視感,面白い,1
映画 面白い,映画,面白い,1
遊ぶ 面白い,遊ぶ,面白い,1
おすすめ しよう,おすすめ,しよう,1
おすすめ バランス,おすすめ,バランス,1
おすすめ 上,おすすめ,上,1
おすすめ 成り立つ,おすすめ,成り立つ,1
おすすめ 真似,おすすめ,真似,1
おすすめ 真似る,おすすめ,真似る,1
おすすめ 絶妙,おすすめ,絶妙,1
しよう できる,しよう,できる,1
しよう ゲーム,しよう,ゲーム,1
しよう バランス,しよう,バランス,1
しよう 上,しよう,上,1
しよう 成り立つ,しよう,成り立つ,1
しよう 真似,しよう,真似,1
しよう 真似る,しよう,真似る,1
しよう 絶妙,しよう,絶妙,1
できる バランス,できる,バランス,1
できる 上,できる,上,1
できる 成り立つ,できる,成り立つ,1
できる 真似,できる,真似,1
できる 真似る,できる,真似る,1
できる 絶妙,できる,絶妙,1
ゲーム バランス,ゲーム,バランス,1
ゲーム 成り立つ,ゲーム,成り立つ,1
ゲーム 真似,ゲーム,真似,1
ゲーム 真似る,ゲーム,真似る,1
ゲーム 絶妙,ゲーム,絶妙,1
バランス 上,バランス,上,1
バランス 成り立つ,バランス,成り立つ,1
バランス 真似,バランス,真似,1
バランス 真似る,バランス,真似る,1
バランス 絶妙,バランス,絶妙,1
上 成り立つ,上,成り立つ,1
上 真似,上,真似,1
上 真似る,上,真似る,1
上 絶妙,上,絶妙,1
成り立つ 真似,成り立つ,真似,1
成り立つ 真似る,成り立つ,真似る,1
成り立つ 絶妙,成り立つ,絶妙,1
真似 真似る,真似,真似る,1
真似 絶妙,真似,絶妙,1
真似る 絶妙,真似る,絶妙,1
作品 山,作品,山,1
作品 超える,作品,超える,1
山 超える,山,超える,1
現れる 現れる,現れる,現れる,1
ふさわしい 金字塔,ふさわしい,金字塔,1
レベル 教科書,レベル,教科書,1
レベル 文句,レベル,文句,1
レベル 日本史,レベル,日本史,1
レベル 言う,レベル,言う,1
レベル 載る,レベル,載る,1
教科書 文句,教科書,文句,1
教科書 日本史,教科書,日本史,1
教科書 言う,教科書,言う,1
教科書 載る,教科書,載る,1
文句 日本史,文句,日本史,1
文句 言う,文句,言う,1
文句 載る,文句,載る,1
日本史 言う,日本史,言う,1
日本史 載る,日本史,載る,1
言う 載る,言う,載る,1
おすすめ 今更,おすすめ,今更,1
時折 楽しめる,時折,楽しめる,1
h1 プレイ,h1,プレイ,1
h1 短い,h1,短い,1
おすすめ 短い,おすすめ,短い,1
プレイ 短い,プレイ,短い,1
話題性 長い,話題性,長い,1
正直 聞く,正直,聞く,1
正直 説明,正直,説明,1
聞く 説明,聞く,説明,1
できる 信用,できる,信用,1
信用 認識,信用,認識,1
歩く 通路,歩く,通路,1
さっき 違う,さっき,違う,1
いく プレイヤー,いく,プレイヤー,1
いく 側,いく,側,1
いく 勝手,いく,勝手,1
いく 壊れる,いく,壊れる,1
いく 見事,いく,見事,1
いく 設計,いく,設計,1
プレイヤー 側,プレイヤー,側,1
プレイヤー 勝手,プレイヤー,勝手,1
プレイヤー 壊れる,プレイヤー,壊れる,1
プレイヤー 見事,プレイヤー,見事,1
プレイヤー 設計,プレイヤー,設計,1
側 勝手,側,勝手,1
側 壊れる,側,壊れる,1
側 見事,側,見事,1
側 設計,側,設計,1
勝手 壊れる,勝手,壊れる,1
勝手 見事,勝手,見事,1
勝手 設計,勝手,設計,1
壊れる 見事,壊れる,見事,1
壊れる 設計,壊れる,設計,1
見事 設計,見事,設計,1
消費 短時間,消費,短時間,1
消費 見事,消費,見事,1
短時間 見事,短時間,見事,1
タイプ ボリューム,タイプ,ボリューム,1
タイプ 作業,タイプ,作業,1
タイプ 分かる,タイプ,分かる,1
タイプ 期待,タイプ,期待,1
タイプ 構造,タイプ,構造,1
タイプ 肩透かし,タイプ,肩透かし,1
タイプ 近く,タイプ,近く,1
タイプ 食らう,タイプ,食らう,1
ボリューム 作業,ボリューム,作業,1
ボリューム 分かる,ボリューム,分かる,1
ボリューム 期待,ボリューム,期待,1
ボリューム 構造,ボリューム,構造,1
ボリューム 肩透かし,ボリューム,肩透かし,1
ボリューム 近く,ボリューム,近く,1
ボリューム 食らう,ボリューム,食らう,1
作業 分かる,作業,分かる,1
作業 期待,作業,期待,1
作業 構造,作業,構造,1
作業 肩透かし,作業,肩透かし,1
作業 近く,作業,近く,1
作業 食らう,作業,食らう,1
分かる 期待,分かる,期待,1
分かる 構造,分かる,構造,1
分かる 肩透かし,分かる,肩透かし,1
分かる 近く,分かる,近く,1
分かる 食らう,分かる,食らう,1
期待 構造,期待,構造,1
期待 肩透かし,期待,肩透かし,1
期待 近く,期待,近く,1
期待 食らう,期待,食らう,1
構造 肩透かし,構造,肩透かし,1
構造 近く,構造,近く,1
構造 食らう,構造,食らう,1
肩透かし 近く,肩透かし,近く,1
肩透かし 食らう,肩透かし,食らう,1
近く 食らう,近く,食らう,1
冷静 実況,冷静,実況,1
冷静 抜群,冷静,抜群,1
冷静 早い,冷静,早い,1
冷静 映え,冷静,映え,1
冷静 遊ぶ,冷静,遊ぶ,1
実況 抜群,実況,抜群,1
実況 早い,実況,早い,1
実況 映え,実況,映え,1
実況 遊ぶ,実況,遊ぶ,1
抜群 早い,抜群,早い,1
抜群 映え,抜群,映え,1
抜群 遊ぶ,抜群,遊ぶ,1
早い 映え,早い,映え,1
早い 遊ぶ,早い,遊ぶ,1
映え 遊ぶ,映え,遊ぶ,1
インディー 悪い,インディー,悪い,1
インディー 良い,インディー,良い,1
インディー 辺り,インディー,辺り,1
悪い 良い,悪い,良い,1
悪い 辺り,悪い,辺り,1
良い 辺り,良い,辺り,1
そのもの とはいえ,そのもの,とはいえ,1
そのもの ゲーム,そのもの,ゲーム,1
そのもの 勝利,そのもの,勝利,1
そのもの 発想,そのもの,発想,1
そのもの 違和感,そのもの,違和感,1
そのもの 間違い,そのもの,間違い,1
とはいえ ゲーム,とはいえ,ゲーム,1
とはいえ 勝利,とはいえ,勝利,1
とはいえ 発想,とはいえ,発想,1
とはいえ 違和感,とはいえ,違和感,1
とはいえ 間違い,とはいえ,間違い,1
ゲーム 勝利,ゲーム,勝利,1
ゲーム 発想,ゲーム,発想,1
ゲーム 違和感,ゲーム,違和感,1
勝利 発想,勝利,発想,1
勝利 違和感,勝利,違和感,1
勝利 間違い,勝利,間違い,1
発想 違和感,発想,違和感,1
発想 間違い,発想,間違い,1
違和感 間違い,違和感,間違い,1
おく ゲーム,おく,ゲーム,1
おく 体験,おく,体験,1
おく 作品,おく,作品,1
おく 損,おく,損,1
おく 遊ぶ,おく,遊ぶ,1
おく 長い,おく,長い,1
ゲーム 損,ゲーム,損,1
体験 作品,体験,作品,1
体験 損,体験,損,1
体験 遊ぶ,体験,遊ぶ,1
体験 長い,体験,長い,1
作品 損,作品,損,1
作品 遊ぶ,作品,遊ぶ,1
作品 長い,作品,長い,1
損 遊ぶ,損,遊ぶ,1
損 長い,損,長い,1
遊ぶ 長い,遊ぶ,長い,1
1時間 おすすめ,1時間,おすすめ,1
x うれしい,x,うれしい,1
x ヒット,x,ヒット,1
x 作品,x,作品,1
x 内容,x,内容,1
x 応援,x,応援,1
x 段階,x,段階,1
x 為,x,為,1
x 製作,x,製作,1
x 面白い,x,面白い,1
うれしい ヒット,うれしい,ヒット,1
うれしい 作品,うれしい,作品,1
うれしい 内容,うれしい,内容,1
うれしい 応援,うれしい,応援,1
うれしい 段階,うれしい,段階,1
うれしい 為,うれしい,為,1
うれしい 製作,うれしい,製作,1
うれしい 面白い,うれしい,面白い,1
ヒット 作品,ヒット,作品,1
ヒット 内容,ヒット,内容,1
ヒット 応援,ヒット,応援,1
ヒット 段階,ヒット,段階,1
ヒット 為,ヒット,為,1
ヒット 製作,ヒット,製作,1
ヒット 面白い,ヒット,面白い,1
作品 内容,作品,内容,1
作品 応援,作品,応援,1
作品 段階,作品,段階,1
作品 為,作品,為,1
作品 製作,作品,製作,1
作品 面白い,作品,面白い,1
内容 応援,内容,応援,1
内容 段階,内容,段階,1
内容 為,内容,為,1
内容 製作,内容,製作,1
内容 面白い,内容,面白い,1
応援 段階,応援,段階,1
応援 為,応援,為,1
応援 製作,応援,製作,1
応援 面白い,応援,面白い,1
段階 為,段階,為,1
段階 製作,段階,製作,1
段階 面白い,段階,面白い,1
為 製作,為,製作,1
為 面白い,為,面白い,1
製作 面白い,製作,面白い,1
ほしい 面白い,ほしい,面白い,1
個人的 適度,個人的,適度,1
個人的 難易度,個人的,難易度,1
楽しめる 適度,楽しめる,適度,1
楽しめる 難易度,楽しめる,難易度,1
適度 難易度,適度,難易度,1
おすすめ 全て,おすすめ,全て,1
ちゃう ゲーム,ちゃう,ゲーム,1
ちゃう 全て,ちゃう,全て,1
ちゃう 異変,ちゃう,異変,1
ちゃう 見つける,ちゃう,見つける,1
ゲーム 辞める,ゲーム,辞める,1
全て 辞める,全て,辞める,1
異変 辞める,異変,辞める,1
見つける 辞める,見つける,辞める,1
おすすめ 元祖,おすすめ,元祖,1
ゲーム 元祖,ゲーム,元祖,1
作品 元祖,作品,元祖,1
作品 探す,作品,探す,1
作品 異変,作品,異変,1
元祖 探す,元祖,探す,1
元祖 異変,元祖,異変,1
プレイ ルール,プレイ,ルール,1
プレイ 仕様,プレイ,仕様,1
プレイ 分かりづらい,プレイ,分かりづらい,1
プレイ 初見,プレイ,初見,1
プレイ 広い,プレイ,広い,1
プレイ 戸惑う,プレイ,戸惑う,1
プレイ 知る,プレイ,知る,1
ルール 仕様,ルール,仕様,1
ルール 分かりづらい,ルール,分かりづらい,1
ルール 初見,ルール,初見,1
ルール 広い,ルール,広い,1
ルール 戸惑う,ルール,戸惑う,1
ルール 知る,ルール,知る,1
仕様 分かりづらい,仕様,分かりづらい,1
仕様 初見,仕様,初見,1
仕様 広い,仕様,広い,1
仕様 戸惑う,仕様,戸惑う,1
仕様 知る,仕様,知る,1
分かりづらい 初見,分かりづらい,初見,1
分かりづらい 広い,分かりづらい,広い,1
分かりづらい 戸惑う,分かりづらい,戸惑う,1
分かりづらい 知る,分かりづらい,知る,1
初見 広い,初見,広い,1
初見 戸惑う,初見,戸惑う,1
初見 知る,初見,知る,1
広い 戸惑う,広い,戸惑う,1
広い 知る,広い,知る,1
戸惑う 知る,戸惑う,知る,1
どの時 分かりにくい,どの時,分かりにくい,1
どの時 判定,どの時,判定,1
どの時 引き返す,どの時,引き返す,1
どの時 直感的,どの時,直感的,1
分かりにくい 判定,分かりにくい,判定,1
分かりにくい 引き返す,分かりにくい,引き返す,1
分かりにくい 直感的,分かりにくい,直感的,1
判定 引き返す,判定,引き返す,1
判定 直感的,判定,直感的,1
引き返す 直感的,引き返す,直感的,1
いく おじさん,いく,おじさん,1
いく 曲がる,いく,曲がる,1
おじさん つく,おじさん,つく,1
おじさん 曲がる,おじさん,曲がる,1
おじさん 異変,おじさん,異変,1
つく 曲がる,つく,曲がる,1
つく 異変,つく,異変,1
曲がる 異変,曲がる,異変,1
しまう 出口,しまう,出口,1
しまう 引き返す,しまう,引き返す,1
しまう 戻す,しまう,戻す,1
しまう 扱い,しまう,扱い,1
出口 引き返す,出口,引き返す,1
出口 戻す,出口,戻す,1
出口 扱い,出口,扱い,1
引き返す 戻す,引き返す,戻す,1
引き返す 扱い,引き返す,扱い,1
戻す 扱い,戻す,扱い,1
シンプル ステージ,シンプル,ステージ,1
シンプル 低め,シンプル,低め,1
シンプル 全体,シンプル,全体,1
シンプル 通路,シンプル,通路,1
シンプル 難易度,シンプル,難易度,1
ステージ 低め,ステージ,低め,1
ステージ 全体,ステージ,全体,1
ステージ 自体,ステージ,自体,1
ステージ 通路,ステージ,通路,1
ステージ 難易度,ステージ,難易度,1
低め 全体,低め,全体,1
低め 自体,低め,自体,1
低め 通路,低め,通路,1
低め 難易度,低め,難易度,1
全体 自体,全体,自体,1
全体 通路,全体,通路,1
全体 難易度,全体,難易度,1
自体 通路,自体,通路,1
自体 難易度,自体,難易度,1
通路 難易度,通路,難易度,1
いくつか 存在,いくつか,存在,1
いくつか 異変,いくつか,異変,1
いくつか 見つけづらい,いくつか,見つけづらい,1
存在 異変,存在,異変,1
存在 見つけづらい,存在,見つけづらい,1
異変 見つけづらい,異変,見つけづらい,1
仕様 出現,仕様,出現,1
仕様 異変,仕様,異変,1
仕様 見逃す,仕様,見逃す,1
出現 異変,出現,異変,1
出現 見逃す,出現,見逃す,1
かかる クリア,かかる,クリア,1
かかる 可能性,かかる,可能性,1
クリア 可能性,クリア,可能性,1
感覚 環境,感覚,環境,1
感覚 異変,感覚,異変,1
感覚 良い,感覚,良い,1
感覚 遭遇,感覚,遭遇,1
感覚 非常,感覚,非常,1
感覚 音,感覚,音,1
環境 異変,環境,異変,1
環境 良い,環境,良い,1
環境 遭遇,環境,遭遇,1
環境 非常,環境,非常,1
環境 音,環境,音,1
異変 遭遇,異変,遭遇,1
良い 遭遇,良い,遭遇,1
良い 非常,良い,非常,1
良い 音,良い,音,1
遭遇 非常,遭遇,非常,1
遭遇 音,遭遇,音,1
非常 音,非常,音,1
不気味 作品,不気味,作品,1
不気味 味わえる,不気味,味わえる,1
不気味 短時間,不気味,短時間,1
作品 味わえる,作品,味わえる,1
作品 短時間,作品,短時間,1
味わえる 短時間,味わえる,短時間,1
おすすめ 試し,おすすめ,試し,1
おすすめ 買い,おすすめ,買い,1
映画 試し,映画,試し,1
映画 話題,映画,話題,1
映画 買い,映画,買い,1
試し 話題,試し,話題,1
試し 買い,試し,買い,1
話題 買い,話題,買い,1
個所 変わる,個所,変わる,1
個所 思う,個所,思う,1
個所 探す,個所,探す,1
個所 発想,個所,発想,1
個所 面白い,個所,面白い,1
変わる 思う,変わる,思う,1
変わる 探す,変わる,探す,1
変わる 発想,変わる,発想,1
変わる 面白い,変わる,面白い,1
思う 探す,思う,探す,1
思う 発想,思う,発想,1
思う 面白い,思う,面白い,1
探す 発想,探す,発想,1
発想 面白い,発想,面白い,1
よい わかる,よい,わかる,1
よい 対象,よい,対象,1
よい 画面,よい,画面,1
よい 範囲,よい,範囲,1
よい 間違い探し,よい,間違い探し,1
わかる 対象,わかる,対象,1
わかる 画面,わかる,画面,1
わかる 範囲,わかる,範囲,1
わかる 間違い探し,わかる,間違い探し,1
対象 画面,対象,画面,1
画面 範囲,画面,範囲,1
画面 間違い探し,画面,間違い探し,1
1つ 1つ,1つ,1つ,1
いく キャラ,いく,キャラ,1
いく 不明,いく,不明,1
いく 作業,いく,作業,1
いく 対象,いく,対象,1
いく 操作,いく,操作,1
いく 範囲,いく,範囲,1
いく 繰り返し,いく,繰り返し,1
いく 間違い探し,いく,間違い探し,1
いく 飽きる,いく,飽きる,1
キャラ 不明,キャラ,不明,1
キャラ 作業,キャラ,作業,1
キャラ 対象,キャラ,対象,1
キャラ 操作,キャラ,操作,1
キャラ 範囲,キャラ,範囲,1
キャラ 繰り返し,キャラ,繰り返し,1
キャラ 間違い探し,キャラ,間違い探し,1
キャラ 飽きる,キャラ,飽きる,1
不明 作業,不明,作業,1
不明 対象,不明,対象,1
不明 操作,不明,操作,1
不明 範囲,不明,範囲,1
不明 繰り返し,不明,繰り返し,1
不明 間違い探し,不明,間違い探し,1
不明 飽きる,不明,飽きる,1
作業 対象,作業,対象,1
作業 操作,作業,操作,1
作業 範囲,作業,範囲,1
作業 繰り返し,作業,繰り返し,1
作業 間違い探し,作業,間違い探し,1
作業 飽きる,作業,飽きる,1
対象 操作,対象,操作,1
対象 繰り返し,対象,繰り返し,1
対象 飽きる,対象,飽きる,1
操作 範囲,操作,範囲,1
操作 繰り返し,操作,繰り返し,1
操作 間違い探し,操作,間違い探し,1
操作 飽きる,操作,飽きる,1
範囲 繰り返し,範囲,繰り返し,1
範囲 飽きる,範囲,飽きる,1
繰り返し 間違い探し,繰り返し,間違い探し,1
繰り返し 飽きる,繰り返し,飽きる,1
間違い探し 飽きる,間違い探し,飽きる,1
saiko おすすめ,saiko,おすすめ,1
bk おすすめ,bk,おすすめ,1
bk むずいわ,bk,むずいわ,1
おすすめ むずいわ,おすすめ,むずいわ,1
おすすめ 割り,おすすめ,割り,1
おすすめ 金額,おすすめ,金額,1
割り 楽しめる,割り,楽しめる,1
割り 金額,割り,金額,1
楽しめる 金額,楽しめる,金額,1
できる もったいない,できる,もったいない,1
できる コイン,できる,コイン,1
できる 完結,できる,完結,1
できる 楽しみ,できる,楽しみ,1
できる 理由,できる,理由,1
できる 薄める,できる,薄める,1
できる 買える,できる,買える,1
もったいない ゲーム,もったいない,ゲーム,1
もったいない コイン,もったいない,コイン,1
もったいない 完結,もったいない,完結,1
もったいない 楽しい,もったいない,楽しい,1
もったいない 楽しみ,もったいない,楽しみ,1
もったいない 理由,もったいない,理由,1
もったいない 薄める,もったいない,薄める,1
もったいない 見る,もったいない,見る,1
もったいない 買える,もったいない,買える,1
ゲーム コイン,ゲーム,コイン,1
ゲーム 完結,ゲーム,完結,1
ゲーム 楽しみ,ゲーム,楽しみ,1
ゲーム 薄める,ゲーム,薄める,1
ゲーム 見る,ゲーム,見る,1
ゲーム 買える,ゲーム,買える,1
コイン 完結,コイン,完結,1
コイン 楽しい,コイン,楽しい,1
コイン 楽しみ,コイン,楽しみ,1
コイン 理由,コイン,理由,1
コイン 薄める,コイン,薄める,1
コイン 見る,コイン,見る,1
コイン 買える,コイン,買える,1
プレイ プレイ,プレイ,プレイ,1
完結 楽しい,完結,楽しい,1
完結 楽しみ,完結,楽しみ,1
完結 理由,完結,理由,1
完結 薄める,完結,薄める,1
完結 見る,完結,見る,1
完結 買える,完結,買える,1
楽しい 楽しみ,楽しい,楽しみ,1
楽しい 理由,楽しい,理由,1
楽しい 薄める,楽しい,薄める,1
楽しい 見る,楽しい,見る,1
楽しい 買える,楽しい,買える,1
楽しみ 理由,楽しみ,理由,1
楽しみ 薄める,楽しみ,薄める,1
楽しみ 見る,楽しみ,見る,1
楽しみ 買える,楽しみ,買える,1
理由 薄める,理由,薄める,1
理由 見る,理由,見る,1
理由 買える,理由,買える,1
薄める 見る,薄める,見る,1
薄める 買える,薄める,買える,1
見る 買える,見る,買える,1
お勧め プレイ,お勧め,プレイ,1
お勧め 強い,お勧め,強い,1
お勧め 買う,お勧め,買う,1
プレイ 買う,プレイ,買う,1
強い 買う,強い,買う,1
おすすめ プライド,おすすめ,プライド,1
おすすめ 捨てる,おすすめ,捨てる,1
できる プライド,できる,プライド,1
できる 捨てる,できる,捨てる,1
クリア プライド,クリア,プライド,1
クリア 捨てる,クリア,捨てる,1
プライド 捨てる,プライド,捨てる,1
おじさん 名物,おじさん,名物,1
おすすめ 名物,おすすめ,名物,1
8番 ウォーキング,8番,ウォーキング,1
8番 シミュレーター,8番,シミュレーター,1
8番 ジャンル,8番,ジャンル,1
8番 リスペクト,8番,リスペクト,1
8番 作品,8番,作品,1
8番 派生,8番,派生,1
おすすめ ジャンル,おすすめ,ジャンル,1
おすすめ ライク,おすすめ,ライク,1
おすすめ リスペクト,おすすめ,リスペクト,1
おすすめ 派生,おすすめ,派生,1
ウォーキング ジャンル,ウォーキング,ジャンル,1
ウォーキング ライク,ウォーキング,ライク,1
ウォーキング リスペクト,ウォーキング,リスペクト,1
ウォーキング 作品,ウォーキング,作品,1
ウォーキング 派生,ウォーキング,派生,1
シミュレーター ジャンル,シミュレーター,ジャンル,1
シミュレーター ライク,シミュレーター,ライク,1
シミュレーター リスペクト,シミュレーター,リスペクト,1
シミュレーター 作品,シミュレーター,作品,1
シミュレーター 派生,シミュレーター,派生,1
ジャンル ライク,ジャンル,ライク,1
ジャンル リスペクト,ジャンル,リスペクト,1
ジャンル 作品,ジャンル,作品,1
ジャンル 派生,ジャンル,派生,1
ライク リスペクト,ライク,リスペクト,1
ライク 作品,ライク,作品,1
ライク 派生,ライク,派生,1
リスペクト 作品,リスペクト,作品,1
リスペクト 派生,リスペクト,派生,1
作品 派生,作品,派生,1
戻る 見つける,戻る,見つける,1
3つ ホラー,3つ,ホラー,1
3つ ルール,3つ,ルール,1
3つ 作品,3つ,作品,1
3つ 没入,3つ,没入,1
3つ 無い,3つ,無い,1
3つ 簡単,3つ,簡単,1
3つ 驚き,3つ,驚き,1
ホラー ルール,ホラー,ルール,1
ホラー 作品,ホラー,作品,1
ホラー 没入,ホラー,没入,1
ホラー 無い,ホラー,無い,1
ホラー 簡単,ホラー,簡単,1
ホラー 驚き,ホラー,驚き,1
ルール 作品,ルール,作品,1
ルール 没入,ルール,没入,1
ルール 無い,ルール,無い,1
ルール 簡単,ルール,簡単,1
ルール 驚き,ルール,驚き,1
作品 没入,作品,没入,1
作品 無い,作品,無い,1
作品 簡単,作品,簡単,1
作品 驚き,作品,驚き,1
没入 無い,没入,無い,1
没入 簡単,没入,簡単,1
没入 驚き,没入,驚き,1
無い 簡単,無い,簡単,1
無い 驚き,無い,驚き,1
簡単 驚き,簡単,驚き,1
リアル 再現度,リアル,再現度,1
リアル 地下通路,リアル,地下通路,1
リアル 日本,リアル,日本,1
リアル 駅,リアル,駅,1
再現度 地下通路,再現度,地下通路,1
再現度 日本,再現度,日本,1
再現度 駅,再現度,駅,1
地下通路 日本,地下通路,日本,1
日本 駅,日本,駅,1
おじさん 謎,おじさん,謎,1
おる オススメ,おる,オススメ,1
おる ゲーム,おる,ゲーム,1
おる 実写映画化,おる,実写映画化,1
おる 映画,おる,映画,1
おる 遊ぶ,おる,遊ぶ,1
オススメ 実写映画化,オススメ,実写映画化,1
オススメ 映画,オススメ,映画,1
実写映画化 映画,実写映画化,映画,1
実写映画化 遊ぶ,実写映画化,遊ぶ,1
おすすめ 型,おすすめ,型,1
ウォーキング 型,ウォーキング,型,1
ウォーキング 間違い探し,ウォーキング,間違い探し,1
シミュレーター 型,シミュレーター,型,1
シミュレーター 間違い探し,シミュレーター,間違い探し,1
型 間違い探し,型,間違い探し,1
引き返す 思う,引き返す,思う,1
引き返す 無い,引き返す,無い,1
思う 無い,思う,無い,1
1時間 クリアタイム,1時間,クリアタイム,1
1時間 ゲーム性,1時間,ゲーム性,1
1時間 シンプル,1時間,シンプル,1
1時間 ミス,1時間,ミス,1
1時間 一定,1時間,一定,1
1時間 回数,1時間,回数,1
1時間 気軽,1時間,気軽,1
1時間 程度,1時間,程度,1
1時間 進める,1時間,進める,1
1時間 遊べる,1時間,遊べる,1
クリア クリアタイム,クリア,クリアタイム,1
クリア ゲーム性,クリア,ゲーム性,1
クリア シンプル,クリア,シンプル,1
クリア 一定,クリア,一定,1
クリア 気軽,クリア,気軽,1
クリア 程度,クリア,程度,1
クリア 進める,クリア,進める,1
クリア 遊べる,クリア,遊べる,1
クリアタイム ゲーム性,クリアタイム,ゲーム性,1
クリアタイム シンプル,クリアタイム,シンプル,1
クリアタイム ミス,クリアタイム,ミス,1
クリアタイム 一定,クリアタイム,一定,1
クリアタイム 回数,クリアタイム,回数,1
クリアタイム 気軽,クリアタイム,気軽,1
クリアタイム 程度,クリアタイム,程度,1
クリアタイム 進める,クリアタイム,進める,1
クリアタイム 遊べる,クリアタイム,遊べる,1
ゲーム性 シンプル,ゲーム性,シンプル,1
ゲーム性 ミス,ゲーム性,ミス,1
ゲーム性 一定,ゲーム性,一定,1
ゲーム性 回数,ゲーム性,回数,1
ゲーム性 気軽,ゲーム性,気軽,1
ゲーム性 進める,ゲーム性,進める,1
ゲーム性 遊べる,ゲーム性,遊べる,1
シンプル ミス,シンプル,ミス,1
シンプル 一定,シンプル,一定,1
シンプル 回数,シンプル,回数,1
シンプル 気軽,シンプル,気軽,1
シンプル 程度,シンプル,程度,1
シンプル 進める,シンプル,進める,1
シンプル 遊べる,シンプル,遊べる,1
ミス 一定,ミス,一定,1
ミス 回数,ミス,回数,1
ミス 気軽,ミス,気軽,1
ミス 程度,ミス,程度,1
ミス 進める,ミス,進める,1
ミス 遊べる,ミス,遊べる,1
一定 回数,一定,回数,1
一定 気軽,一定,気軽,1
一定 程度,一定,程度,1
一定 進める,一定,進める,1
一定 遊べる,一定,遊べる,1
回数 気軽,回数,気軽,1
回数 程度,回数,程度,1
回数 進める,回数,進める,1
回数 遊べる,回数,遊べる,1
気軽 程度,気軽,程度,1
気軽 進める,気軽,進める,1
気軽 遊べる,気軽,遊べる,1
程度 進める,程度,進める,1
程度 遊べる,程度,遊べる,1
進める 遊べる,進める,遊べる,1
くださる ホラー,くださる,ホラー,1
くださる 含む,くださる,含む,1
くださる 注意,くださる,注意,1
くださる 苦手,くださる,苦手,1
くださる 要素,くださる,要素,1
ホラー 含む,ホラー,含む,1
ホラー 注意,ホラー,注意,1
含む 注意,含む,注意,1
含む 苦手,含む,苦手,1
含む 要素,含む,要素,1
注意 苦手,注意,苦手,1
注意 要素,注意,要素,1
ウォーキング プレイ,ウォーキング,プレイ,1
シミュレーター プレイ,シミュレーター,プレイ,1
できる 強い,できる,強い,1
できる 要素,できる,要素,1
プレイ 苦手,プレイ,苦手,1
プレイ 要素,プレイ,要素,1
強い 楽しい,強い,楽しい,1
強い 苦手,強い,苦手,1
強い 要素,強い,要素,1
楽しい 苦手,楽しい,苦手,1
楽しい 要素,楽しい,要素,1
おすすめ 感じる,おすすめ,感じる,1
おすすめ 面白み,おすすめ,面白み,1
感じる 面白み,感じる,面白み,1
おすすめ 有名,おすすめ,有名,1
ゲーム 有名,ゲーム,有名,1
映画化 有名,映画化,有名,1
ゴール 引き返す,ゴール,引き返す,1
ゴール 異変,ゴール,異変,1
ゴール 目指す,ゴール,目指す,1
ゴール 繰り返す,ゴール,繰り返す,1
ゴール 進む,ゴール,進む,1
引き返す 目指す,引き返す,目指す,1
引き返す 繰り返す,引き返す,繰り返す,1
異変 目指す,異変,目指す,1
異変 繰り返す,異変,繰り返す,1
目指す 繰り返す,目指す,繰り返す,1
目指す 進む,目指す,進む,1
繰り返す 進む,繰り返す,進む,1
分かる 結局,分かる,結局,1
分かる 追加,分かる,追加,1
結局 追加,結局,追加,1
h プレイ,h,プレイ,1
h 実績,h,実績,1
h 既,h,既,1
h 解除,h,解除,1
プレイ 実績,プレイ,実績,1
プレイ 既,プレイ,既,1
プレイ 解除,プレイ,解除,1
実績 既,実績,既,1
既 解除,既,解除,1
いただく おすすめ,いただく,おすすめ,1
いただく しまう,いただく,しまう,1
いただく ゲーム,いただく,ゲーム,1
いただく シンプル,いただく,シンプル,1
いただく プレイ,いただく,プレイ,1
いただく 作り,いただく,作り,1
いただく 原点,いただく,原点,1
いただく 地下通路,いただく,地下通路,1
いただく 悩む,いただく,悩む,1
いただく 楽しめる,いただく,楽しめる,1
いただく 様々,いただく,様々,1
いただく 疑心暗鬼,いただく,疑心暗鬼,1
いただく 舞台,いただく,舞台,1
いただく 間違い,いただく,間違い,1
いただく 駅,いただく,駅,1
おすすめ 作り,おすすめ,作り,1
おすすめ 原点,おすすめ,原点,1
おすすめ 地下通路,おすすめ,地下通路,1
おすすめ 悩む,おすすめ,悩む,1
おすすめ 様々,おすすめ,様々,1
おすすめ 疑心暗鬼,おすすめ,疑心暗鬼,1
おすすめ 舞台,おすすめ,舞台,1
おすすめ 間違い,おすすめ,間違い,1
おすすめ 駅,おすすめ,駅,1
しまう ゲーム,しまう,ゲーム,1
しまう シンプル,しまう,シンプル,1
しまう 作り,しまう,作り,1
しまう 原点,しまう,原点,1
しまう 地下通路,しまう,地下通路,1
しまう 悩む,しまう,悩む,1
しまう 楽しめる,しまう,楽しめる,1
しまう 様々,しまう,様々,1
しまう 疑心暗鬼,しまう,疑心暗鬼,1
しまう 舞台,しまう,舞台,1
しまう 駅,しまう,駅,1
ゲーム 作り,ゲーム,作り,1
ゲーム 原点,ゲーム,原点,1
ゲーム 地下通路,ゲーム,地下通路,1
ゲーム 悩む,ゲーム,悩む,1
ゲーム 様々,ゲーム,様々,1
ゲーム 疑心暗鬼,ゲーム,疑心暗鬼,1
ゲーム 駅,ゲーム,駅,1
シンプル プレイ,シンプル,プレイ,1
シンプル 作り,シンプル,作り,1
シンプル 原点,シンプル,原点,1
シンプル 地下通路,シンプル,地下通路,1
シンプル 悩む,シンプル,悩む,1
シンプル 楽しめる,シンプル,楽しめる,1
シンプル 様々,シンプル,様々,1
シンプル 疑心暗鬼,シンプル,疑心暗鬼,1
シンプル 舞台,シンプル,舞台,1
シンプル 間違い,シンプル,間違い,1
シンプル 駅,シンプル,駅,1
プレイ 作り,プレイ,作り,1
プレイ 原点,プレイ,原点,1
プレイ 地下通路,プレイ,地下通路,1
プレイ 悩む,プレイ,悩む,1
プレイ 様々,プレイ,様々,1
プレイ 舞台,プレイ,舞台,1
プレイ 間違い,プレイ,間違い,1
プレイ 駅,プレイ,駅,1
作り 原点,作り,原点,1
作り 地下通路,作り,地下通路,1
作り 悩む,作り,悩む,1
作り 楽しめる,作り,楽しめる,1
作り 様々,作り,様々,1
作り 疑心暗鬼,作り,疑心暗鬼,1
作り 舞台,作り,舞台,1
作り 間違い,作り,間違い,1
作り 駅,作り,駅,1
原点 地下通路,原点,地下通路,1
原点 悩む,原点,悩む,1
原点 楽しめる,原点,楽しめる,1
原点 様々,原点,様々,1
原点 疑心暗鬼,原点,疑心暗鬼,1
原点 舞台,原点,舞台,1
原点 間違い,原点,間違い,1
原点 駅,原点,駅,1
地下通路 悩む,地下通路,悩む,1
地下通路 楽しめる,地下通路,楽しめる,1
地下通路 様々,地下通路,様々,1
地下通路 疑心暗鬼,地下通路,疑心暗鬼,1
地下通路 舞台,地下通路,舞台,1
地下通路 間違い,地下通路,間違い,1
悩む 楽しめる,悩む,楽しめる,1
悩む 様々,悩む,様々,1
悩む 疑心暗鬼,悩む,疑心暗鬼,1
悩む 舞台,悩む,舞台,1
悩む 間違い,悩む,間違い,1
悩む 駅,悩む,駅,1
探す 探す,探す,探す,1
楽しめる 様々,楽しめる,様々,1
楽しめる 疑心暗鬼,楽しめる,疑心暗鬼,1
楽しめる 舞台,楽しめる,舞台,1
楽しめる 間違い,楽しめる,間違い,1
楽しめる 駅,楽しめる,駅,1
様々 疑心暗鬼,様々,疑心暗鬼,1
様々 舞台,様々,舞台,1
様々 間違い,様々,間違い,1
様々 駅,様々,駅,1
疑心暗鬼 舞台,疑心暗鬼,舞台,1
疑心暗鬼 間違い,疑心暗鬼,間違い,1
疑心暗鬼 駅,疑心暗鬼,駅,1
舞台 間違い,舞台,間違い,1
舞台 駅,舞台,駅,1
間違い 駅,間違い,駅,1
1時間 できる,1時間,できる,1
1時間 オススメ,1時間,オススメ,1
1時間 遊ぶ,1時間,遊ぶ,1
できる オススメ,できる,オススメ,1
オススメ クリア,オススメ,クリア,1
クリア 遊ぶ,クリア,遊ぶ,1
くださる プレイ,くださる,プレイ,1
くださる 是非,くださる,是非,1
くださる 自身,くださる,自身,1
くださる 遊ぶ,くださる,遊ぶ,1
プレイ 是非,プレイ,是非,1
プレイ 自身,プレイ,自身,1
是非 自身,是非,自身,1
是非 遊ぶ,是非,遊ぶ,1
自身 遊ぶ,自身,遊ぶ,1
おすすめ 本作,おすすめ,本作,1
プレイ 映画,プレイ,映画,1
プレイ 本作,プレイ,本作,1
映画 本作,映画,本作,1
オリジナル 体験,オリジナル,体験,1
オリジナル 思う,オリジナル,思う,1
体験 思う,体験,思う,1
リリース 当時,リリース,当時,1
リリース 思う,リリース,思う,1
リリース 怪,リリース,怪,1
リリース 話題,リリース,話題,1
当時 思う,当時,思う,1
当時 怪,当時,怪,1
当時 話題,当時,話題,1
思う 怪,思う,怪,1
怪 話題,怪,話題,1
プレイ 後悔,プレイ,後悔,1
プレイ 横目,プレイ,横目,1
後悔 横目,後悔,横目,1
おすすめ コレ,おすすめ,コレ,1
おすすめ 勧める,おすすめ,勧める,1
おすすめ 色々,おすすめ,色々,1
ゲーム コレ,ゲーム,コレ,1
ゲーム 色々,ゲーム,色々,1
コレ プレイ,コレ,プレイ,1
コレ 勧める,コレ,勧める,1
コレ 探す,コレ,探す,1
コレ 異変,コレ,異変,1
コレ 色々,コレ,色々,1
コレ 面白い,コレ,面白い,1
プレイ 勧める,プレイ,勧める,1
プレイ 色々,プレイ,色々,1
プレイ 面白い,プレイ,面白い,1
勧める 探す,勧める,探す,1
勧める 異変,勧める,異変,1
勧める 色々,勧める,色々,1
勧める 面白い,勧める,面白い,1
探す 色々,探す,色々,1
異変 色々,異変,色々,1
色々 面白い,色々,面白い,1
1回 おすすめ,1回,おすすめ,1
1回 クリア,1回,クリア,1
3時間 おすすめ,3時間,おすすめ,1
3時間 値段,3時間,値段,1
3時間 見合う,3時間,見合う,1
3時間 長い,3時間,長い,1
おすすめ 見合う,おすすめ,見合う,1
おすすめ 長い,おすすめ,長い,1
値段 見合う,値段,見合う,1
値段 長い,値段,長い,1
見合う 長い,見合う,長い,1
遊べる 遊べる,遊べる,遊べる,1
deep game,deep,game,1
deep おすすめ,deep,おすすめ,1
game おすすめ,game,おすすめ,1
うまる おすすめ,うまる,おすすめ,1
楽しい 買う,楽しい,買う,1
一瞬 寂しい,一瞬,寂しい,1
一瞬 終わる,一瞬,終わる,1
寂しい 終わる,寂しい,終わる,1
おすすめ 名作,おすすめ,名作,1
おすすめ 化す,おすすめ,化す,1
おすすめ 異界,おすすめ,異界,1
化す 地下道,化す,地下道,1
化す 異界,化す,異界,1
化す 脱出,化す,脱出,1
地下道 異界,地下道,異界,1
地下道 脱出,地下道,脱出,1
異界 脱出,異界,脱出,1
いく アノマリー,いく,アノマリー,1
いく ウォーキング,いく,ウォーキング,1
いく シミュレーター,いく,シミュレーター,1
いく ループ,いく,ループ,1
いく 地下道,いく,地下道,1
いく 探し出す,いく,探し出す,1
いく 歩く,いく,歩く,1
いく 隠す,いく,隠す,1
アノマリー ウォーキング,アノマリー,ウォーキング,1
アノマリー シミュレーター,アノマリー,シミュレーター,1
アノマリー ループ,アノマリー,ループ,1
アノマリー 地下道,アノマリー,地下道,1
アノマリー 探し出す,アノマリー,探し出す,1
アノマリー 歩く,アノマリー,歩く,1
アノマリー 異変,アノマリー,異変,1
アノマリー 隠す,アノマリー,隠す,1
ウォーキング ループ,ウォーキング,ループ,1
ウォーキング 地下道,ウォーキング,地下道,1
ウォーキング 探し出す,ウォーキング,探し出す,1
ウォーキング 歩く,ウォーキング,歩く,1
ウォーキング 異変,ウォーキング,異変,1
ウォーキング 隠す,ウォーキング,隠す,1
シミュレーター ループ,シミュレーター,ループ,1
シミュレーター 地下道,シミュレーター,地下道,1
シミュレーター 探し出す,シミュレーター,探し出す,1
シミュレーター 歩く,シミュレーター,歩く,1
シミュレーター 異変,シミュレーター,異変,1
シミュレーター 隠す,シミュレーター,隠す,1
ループ 地下道,ループ,地下道,1
ループ 探し出す,ループ,探し出す,1
ループ 歩く,ループ,歩く,1
ループ 異変,ループ,異変,1
ループ 隠す,ループ,隠す,1
地下道 探し出す,地下道,探し出す,1
地下道 異変,地下道,異変,1
地下道 隠す,地下道,隠す,1
探し出す 歩く,探し出す,歩く,1
探し出す 異変,探し出す,異変,1
探し出す 隠す,探し出す,隠す,1
歩く 異変,歩く,異変,1
歩く 隠す,歩く,隠す,1
そこはかとない オフィス街,そこはかとない,オフィス街,1
そこはかとない メーター,そこはかとない,メーター,1
そこはかとない リアル,そこはかとない,リアル,1
そこはかとない 内装,そこはかとない,内装,1
そこはかとない 少ない,そこはかとない,少ない,1
そこはかとない 怖い,そこはかとない,怖い,1
そこはかとない 日曜,そこはかとない,日曜,1
そこはかとない 歩く,そこはかとない,歩く,1
そこはかとない 気配,そこはかとない,気配,1
そこはかとない 程度,そこはかとない,程度,1
そこはかとない 素っ気,そこはかとない,素っ気,1
そこはかとない 舞台,そこはかとない,舞台,1
そこはかとない 趣き,そこはかとない,趣き,1
オフィス街 メーター,オフィス街,メーター,1
オフィス街 リアル,オフィス街,リアル,1
オフィス街 内装,オフィス街,内装,1
オフィス街 少ない,オフィス街,少ない,1
オフィス街 怖い,オフィス街,怖い,1
オフィス街 日曜,オフィス街,日曜,1
オフィス街 歩く,オフィス街,歩く,1
オフィス街 気配,オフィス街,気配,1
オフィス街 程度,オフィス街,程度,1
オフィス街 素っ気,オフィス街,素っ気,1
オフィス街 舞台,オフィス街,舞台,1
オフィス街 趣き,オフィス街,趣き,1
メーター リアル,メーター,リアル,1
メーター 内装,メーター,内装,1
メーター 少ない,メーター,少ない,1
メーター 怖い,メーター,怖い,1
メーター 日曜,メーター,日曜,1
メーター 歩く,メーター,歩く,1
メーター 気配,メーター,気配,1
メーター 程度,メーター,程度,1
メーター 素っ気,メーター,素っ気,1
メーター 舞台,メーター,舞台,1
メーター 趣き,メーター,趣き,1
リアル 内装,リアル,内装,1
リアル 怖い,リアル,怖い,1
リアル 日曜,リアル,日曜,1
リアル 歩く,リアル,歩く,1
リアル 気配,リアル,気配,1
リアル 程度,リアル,程度,1
リアル 素っ気,リアル,素っ気,1
リアル 趣き,リアル,趣き,1
内装 少ない,内装,少ない,1
内装 怖い,内装,怖い,1
内装 日曜,内装,日曜,1
内装 歩く,内装,歩く,1
内装 気配,内装,気配,1
内装 程度,内装,程度,1
内装 素っ気,内装,素っ気,1
内装 舞台,内装,舞台,1
内装 趣き,内装,趣き,1
地下道 地下道,地下道,地下道,1
少ない 日曜,少ない,日曜,1
少ない 歩く,少ない,歩く,1
少ない 気配,少ない,気配,1
少ない 程度,少ない,程度,1
少ない 素っ気,少ない,素っ気,1
少ない 趣き,少ない,趣き,1
怖い 日曜,怖い,日曜,1
怖い 歩く,怖い,歩く,1
怖い 気配,怖い,気配,1
怖い 程度,怖い,程度,1
怖い 素っ気,怖い,素っ気,1
怖い 舞台,怖い,舞台,1
怖い 趣き,怖い,趣き,1
日曜 歩く,日曜,歩く,1
日曜 気配,日曜,気配,1
日曜 程度,日曜,程度,1
日曜 素っ気,日曜,素っ気,1
日曜 舞台,日曜,舞台,1
日曜 趣き,日曜,趣き,1
歩く 気配,歩く,気配,1
歩く 程度,歩く,程度,1
歩く 素っ気,歩く,素っ気,1
歩く 舞台,歩く,舞台,1
歩く 趣き,歩く,趣き,1
気配 程度,気配,程度,1
気配 素っ気,気配,素っ気,1
気配 舞台,気配,舞台,1
気配 趣き,気配,趣き,1
程度 素っ気,程度,素っ気,1
程度 舞台,程度,舞台,1
程度 趣き,程度,趣き,1
素っ気 舞台,素っ気,舞台,1
素っ気 趣き,素っ気,趣き,1
舞台 趣き,舞台,趣き,1
ごと どちら,ごと,どちら,1
ごと クリア,ごと,クリア,1
ごと ゲーム,ごと,ゲーム,1
ごと ラウンド,ごと,ラウンド,1
ごと 判断,ごと,判断,1
ごと 回数,ごと,回数,1
ごと 正しい,ごと,正しい,1
ごと 正解,ごと,正解,1
ごと 規定,ごと,規定,1
ごと 連続,ごと,連続,1
どちら クリア,どちら,クリア,1
どちら ゲーム,どちら,ゲーム,1
どちら ラウンド,どちら,ラウンド,1
どちら 判断,どちら,判断,1
どちら 回数,どちら,回数,1
どちら 正しい,どちら,正しい,1
どちら 正解,どちら,正解,1
どちら 規定,どちら,規定,1
どちら 連続,どちら,連続,1
クリア ラウンド,クリア,ラウンド,1
クリア 判断,クリア,判断,1
クリア 正しい,クリア,正しい,1
クリア 正解,クリア,正解,1
クリア 規定,クリア,規定,1
クリア 連続,クリア,連続,1
ゲーム ラウンド,ゲーム,ラウンド,1
ゲーム 判断,ゲーム,判断,1
ゲーム 回数,ゲーム,回数,1
ゲーム 正しい,ゲーム,正しい,1
ゲーム 正解,ゲーム,正解,1
ゲーム 規定,ゲーム,規定,1
ゲーム 連続,ゲーム,連続,1
ラウンド 判断,ラウンド,判断,1
ラウンド 回数,ラウンド,回数,1
ラウンド 正しい,ラウンド,正しい,1
ラウンド 正解,ラウンド,正解,1
ラウンド 規定,ラウンド,規定,1
ラウンド 連続,ラウンド,連続,1
判断 回数,判断,回数,1
判断 正しい,判断,正しい,1
判断 正解,判断,正解,1
判断 規定,判断,規定,1
判断 連続,判断,連続,1
回数 正しい,回数,正しい,1
回数 正解,回数,正解,1
回数 規定,回数,規定,1
回数 連続,回数,連続,1
正しい 正解,正しい,正解,1
正しい 規定,正しい,規定,1
正しい 連続,正しい,連続,1
正解 規定,正解,規定,1
正解 連続,正解,連続,1
規定 連続,規定,連続,1
しまう はず,しまう,はず,1
しまう 判断,しまう,判断,1
しまう 明らか,しまう,明らか,1
しまう 異様,しまう,異様,1
しまう 見つける,しまう,見つける,1
しまう 迷う,しまう,迷う,1
はず 判断,はず,判断,1
はず 明らか,はず,明らか,1
はず 異変,はず,異変,1
はず 異様,はず,異様,1
はず 見つける,はず,見つける,1
はず 迷う,はず,迷う,1
判断 明らか,判断,明らか,1
判断 異様,判断,異様,1
判断 見つける,判断,見つける,1
判断 迷う,判断,迷う,1
明らか 異変,明らか,異変,1
明らか 異様,明らか,異様,1
明らか 見つける,明らか,見つける,1
明らか 迷う,明らか,迷う,1
異変 異様,異変,異様,1
異変 迷う,異変,迷う,1
異様 見つける,異様,見つける,1
異様 迷う,異様,迷う,1
見つける 迷う,見つける,迷う,1
部分 部分,部分,部分,1
大変 対応,大変,対応,1
大変 巧妙,大変,巧妙,1
大変 求める,大変,求める,1
大変 異変,大変,異変,1
大変 盲点,大変,盲点,1
大変 突く,大変,突く,1
大変 素早い,大変,素早い,1
大変 観察,大変,観察,1
大変 隠す,大変,隠す,1
対応 巧妙,対応,巧妙,1
対応 求める,対応,求める,1
対応 異変,対応,異変,1
対応 盲点,対応,盲点,1
対応 突く,対応,突く,1
対応 素早い,対応,素早い,1
対応 観察,対応,観察,1
対応 隠す,対応,隠す,1
巧妙 求める,巧妙,求める,1
巧妙 異変,巧妙,異変,1
巧妙 盲点,巧妙,盲点,1
巧妙 突く,巧妙,突く,1
巧妙 素早い,巧妙,素早い,1
巧妙 観察,巧妙,観察,1
巧妙 隠す,巧妙,隠す,1
求める 異変,求める,異変,1
求める 盲点,求める,盲点,1
求める 突く,求める,突く,1
求める 素早い,求める,素早い,1
求める 観察,求める,観察,1
求める 隠す,求める,隠す,1
異変 盲点,異変,盲点,1
異変 突く,異変,突く,1
異変 素早い,異変,素早い,1
異変 観察,異変,観察,1
盲点 突く,盲点,突く,1
盲点 素早い,盲点,素早い,1
盲点 観察,盲点,観察,1
盲点 隠す,盲点,隠す,1
突く 素早い,突く,素早い,1
突く 観察,突く,観察,1
突く 隠す,突く,隠す,1
素早い 観察,素早い,観察,1
素早い 隠す,素早い,隠す,1
観察 隠す,観察,隠す,1
それなり バリエーション,それなり,バリエーション,1
それなり ランダム,それなり,ランダム,1
それなり 出題,それなり,出題,1
それなり 異変,それなり,異変,1
それなり 種類,それなり,種類,1
バリエーション ランダム,バリエーション,ランダム,1
バリエーション 出題,バリエーション,出題,1
バリエーション 種類,バリエーション,種類,1
ランダム 出題,ランダム,出題,1
ランダム 異変,ランダム,異変,1
ランダム 種類,ランダム,種類,1
出題 異変,出題,異変,1
出題 種類,出題,種類,1
つらい プレイ,つらい,プレイ,1
つらい 作品,つらい,作品,1
つらい 個人的,つらい,個人的,1
つらい 割,つらい,割,1
つらい 楽しめる,つらい,楽しめる,1
つらい 設定,つらい,設定,1
つらい 酔いやすい,つらい,酔いやすい,1
プレイ 個人的,プレイ,個人的,1
プレイ 割,プレイ,割,1
プレイ 設定,プレイ,設定,1
プレイ 酔いやすい,プレイ,酔いやすい,1
作品 個人的,作品,個人的,1
作品 割,作品,割,1
作品 楽しめる,作品,楽しめる,1
作品 設定,作品,設定,1
作品 酔いやすい,作品,酔いやすい,1
個人的 割,個人的,割,1
個人的 設定,個人的,設定,1
個人的 酔いやすい,個人的,酔いやすい,1
割 楽しめる,割,楽しめる,1
割 設定,割,設定,1
割 酔いやすい,割,酔いやすい,1
楽しめる 設定,楽しめる,設定,1
楽しめる 酔いやすい,楽しめる,酔いやすい,1
設定 酔いやすい,設定,酔いやすい,1
依存度 言語,依存度,言語,1
対応 日本語,対応,日本語,1
ガチ ゲーム,ガチ,ゲーム,1
ガチ ビビる,ガチ,ビビる,1
ガチ 以上,ガチ,以上,1
ガチ 怖い,ガチ,怖い,1
ガチ 思う,ガチ,思う,1
ガチ 想像,ガチ,想像,1
ガチ 楽しい,ガチ,楽しい,1
ゲーム ビビる,ゲーム,ビビる,1
ゲーム 以上,ゲーム,以上,1
ゲーム 想像,ゲーム,想像,1
ビビる 以上,ビビる,以上,1
ビビる 怖い,ビビる,怖い,1
ビビる 思う,ビビる,思う,1
ビビる 想像,ビビる,想像,1
ビビる 楽しい,ビビる,楽しい,1
以上 怖い,以上,怖い,1
以上 思う,以上,思う,1
以上 想像,以上,想像,1
以上 楽しい,以上,楽しい,1
怖い 想像,怖い,想像,1
怖い 楽しい,怖い,楽しい,1
思う 想像,思う,想像,1
思う 楽しい,思う,楽しい,1
想像 楽しい,想像,楽しい,1
雰囲気 面白い,雰囲気,面白い,1
いく プレイ,いく,プレイ,1
いく 価格,いく,価格,1
いく 思う,いく,思う,1
いく 意味,いく,意味,1
いく 損,いく,損,1
いく 話題,いく,話題,1
いく 高い,いく,高い,1
つく プレイ,つく,プレイ,1
つく 価格,つく,価格,1
つく 思う,つく,思う,1
つく 意味,つく,意味,1
つく 損,つく,損,1
つく 話題,つく,話題,1
つく 高い,つく,高い,1
プレイ 価格,プレイ,価格,1
プレイ 意味,プレイ,意味,1
プレイ 損,プレイ,損,1
プレイ 高い,プレイ,高い,1
価格 思う,価格,思う,1
価格 意味,価格,意味,1
価格 損,価格,損,1
価格 話題,価格,話題,1
価格 高い,価格,高い,1
思う 意味,思う,意味,1
思う 損,思う,損,1
意味 損,意味,損,1
意味 話題,意味,話題,1
意味 高い,意味,高い,1
損 話題,損,話題,1
損 高い,損,高い,1
話題 高い,話題,高い,1
b おすすめ,b,おすすめ,1
おすすめ 最高,おすすめ,最高,1
おすすめ 無限,おすすめ,無限,1
できる 最高,できる,最高,1
できる 無限,できる,無限,1
ゲーム 最高,ゲーム,最高,1
ゲーム 無限,ゲーム,無限,1
最高 無限,最高,無限,1
rta プレイ,rta,プレイ,1
rta 挑戦,rta,挑戦,1
rta 暇,rta,暇,1
rta 起動,rta,起動,1
プレイ 挑戦,プレイ,挑戦,1
プレイ 暇,プレイ,暇,1
プレイ 起動,プレイ,起動,1
挑戦 暇,挑戦,暇,1
挑戦 起動,挑戦,起動,1
暇 起動,暇,起動,1
一部 生活,一部,生活,1
一部 言う,一部,言う,1
一部 過言,一部,過言,1
生活 言う,生活,言う,1
生活 過言,生活,過言,1
言う 過言,言う,過言,1
できる アップデート,できる,アップデート,1
できる 伴う,できる,伴う,1
できる 公開,できる,公開,1
できる 夏,できる,夏,1
アップデート 伴う,アップデート,伴う,1
アップデート 公開,アップデート,公開,1
アップデート 夏,アップデート,夏,1
アップデート 映画,アップデート,映画,1
アップデート 楽しい,アップデート,楽しい,1
アップデート 遊ぶ,アップデート,遊ぶ,1
伴う 楽しい,伴う,楽しい,1
伴う 遊ぶ,伴う,遊ぶ,1
公開 楽しい,公開,楽しい,1
公開 遊ぶ,公開,遊ぶ,1
夏 楽しい,夏,楽しい,1
夏 遊ぶ,夏,遊ぶ,1
映画 楽しい,映画,楽しい,1
楽しい 遊ぶ,楽しい,遊ぶ,1
グラフィック プレイ,グラフィック,プレイ,1
グラフィック 一人称,グラフィック,一人称,1
グラフィック 快適,グラフィック,快適,1
グラフィック 遊べる,グラフィック,遊べる,1
グラフィック 酔い,グラフィック,酔い,1
グラフィック 関わる,グラフィック,関わる,1
グラフィック 非常,グラフィック,非常,1
プレイ 一人称,プレイ,一人称,1
プレイ 快適,プレイ,快適,1
プレイ 綺麗,プレイ,綺麗,1
プレイ 遊べる,プレイ,遊べる,1
プレイ 酔い,プレイ,酔い,1
プレイ 関わる,プレイ,関わる,1
一人称 快適,一人称,快適,1
一人称 綺麗,一人称,綺麗,1
一人称 遊べる,一人称,遊べる,1
一人称 酔い,一人称,酔い,1
一人称 関わる,一人称,関わる,1
一人称 非常,一人称,非常,1
快適 綺麗,快適,綺麗,1
快適 遊べる,快適,遊べる,1
快適 酔い,快適,酔い,1
快適 関わる,快適,関わる,1
快適 非常,快適,非常,1
綺麗 遊べる,綺麗,遊べる,1
綺麗 酔い,綺麗,酔い,1
綺麗 関わる,綺麗,関わる,1
綺麗 非常,綺麗,非常,1
遊べる 酔い,遊べる,酔い,1
遊べる 関わる,遊べる,関わる,1
遊べる 非常,遊べる,非常,1
酔い 関わる,酔い,関わる,1
酔い 非常,酔い,非常,1
関わる 非常,関わる,非常,1
多い 引き返す,多い,引き返す,1
多い 心配,多い,心配,1
多い 曲がる,多い,曲がる,1
多い 酔い,多い,酔い,1
引き返す 心配,引き返す,心配,1
引き返す 曲がる,引き返す,曲がる,1
引き返す 酔い,引き返す,酔い,1
心配 曲がる,心配,曲がる,1
心配 酔い,心配,酔い,1
曲がる 酔い,曲がる,酔い,1
あたり うえ,あたり,うえ,1
あたり しまう,あたり,しまう,1
あたり プレイ,あたり,プレイ,1
あたり 一見,あたり,一見,1
あたり 全て,あたり,全て,1
あたり 分かる,あたり,分かる,1
あたり 暗記,あたり,暗記,1
あたり 有す,あたり,有す,1
あたり 知識,あたり,知識,1
あたり 稀,あたり,稀,1
あたり 見逃す,あたり,見逃す,1
あたり 飽き,あたり,飽き,1
うえ しまう,うえ,しまう,1
うえ プレイ,うえ,プレイ,1
うえ 一見,うえ,一見,1
うえ 全て,うえ,全て,1
うえ 分かる,うえ,分かる,1
うえ 暗記,うえ,暗記,1
うえ 有す,うえ,有す,1
うえ 知識,うえ,知識,1
うえ 稀,うえ,稀,1
うえ 見逃す,うえ,見逃す,1
うえ 飽き,うえ,飽き,1
しまう 一見,しまう,一見,1
しまう 全て,しまう,全て,1
しまう 分かる,しまう,分かる,1
しまう 暗記,しまう,暗記,1
しまう 有す,しまう,有す,1
しまう 知識,しまう,知識,1
しまう 稀,しまう,稀,1
しまう 飽き,しまう,飽き,1
プレイ 一見,プレイ,一見,1
プレイ 全て,プレイ,全て,1
プレイ 分かる,プレイ,分かる,1
プレイ 暗記,プレイ,暗記,1
プレイ 有す,プレイ,有す,1
プレイ 知識,プレイ,知識,1
プレイ 稀,プレイ,稀,1
プレイ 見逃す,プレイ,見逃す,1
プレイ 飽き,プレイ,飽き,1
一見 全て,一見,全て,1
一見 分かる,一見,分かる,1
一見 暗記,一見,暗記,1
一見 有す,一見,有す,1
一見 知識,一見,知識,1
一見 稀,一見,稀,1
一見 見逃す,一見,見逃す,1
一見 飽き,一見,飽き,1
全て 分かる,全て,分かる,1
全て 暗記,全て,暗記,1
全て 有す,全て,有す,1
全て 知識,全て,知識,1
全て 稀,全て,稀,1
全て 見逃す,全て,見逃す,1
全て 飽き,全て,飽き,1
分かる 暗記,分かる,暗記,1
分かる 有す,分かる,有す,1
分かる 知識,分かる,知識,1
分かる 稀,分かる,稀,1
分かる 見逃す,分かる,見逃す,1
分かる 飽き,分かる,飽き,1
思う 思う,思う,思う,1
暗記 有す,暗記,有す,1
暗記 知識,暗記,知識,1
暗記 稀,暗記,稀,1
暗記 見逃す,暗記,見逃す,1
暗記 飽き,暗記,飽き,1
有す 知識,有す,知識,1
有す 稀,有す,稀,1
有す 見逃す,有す,見逃す,1
有す 飽き,有す,飽き,1
知識 稀,知識,稀,1
知識 見逃す,知識,見逃す,1
知識 飽き,知識,飽き,1
稀 見逃す,稀,見逃す,1
稀 飽き,稀,飽き,1
見逃す 飽き,見逃す,飽き,1
遊ぶ 遊ぶ,遊ぶ,遊ぶ,1
ゲーム マンネリ,ゲーム,マンネリ,1
ゲーム 伴う,ゲーム,伴う,1
ゲーム 公開,ゲーム,公開,1
ゲーム 夏,ゲーム,夏,1
ゲーム 解消,ゲーム,解消,1
ゲーム 言及,ゲーム,言及,1
ゲーム 追加,ゲーム,追加,1
ゲーム 通り,ゲーム,通り,1
ゲーム 遊べる,ゲーム,遊べる,1
マンネリ 上,マンネリ,上,1
マンネリ 伴う,マンネリ,伴う,1
マンネリ 公開,マンネリ,公開,1
マンネリ 夏,マンネリ,夏,1
マンネリ 思う,マンネリ,思う,1
マンネリ 映画,マンネリ,映画,1
マンネリ 異変,マンネリ,異変,1
マンネリ 解消,マンネリ,解消,1
マンネリ 言及,マンネリ,言及,1
マンネリ 追加,マンネリ,追加,1
マンネリ 通り,マンネリ,通り,1
マンネリ 遊べる,マンネリ,遊べる,1
マンネリ 長い,マンネリ,長い,1
上 伴う,上,伴う,1
上 公開,上,公開,1
上 夏,上,夏,1
上 思う,上,思う,1
上 映画,上,映画,1
上 異変,上,異変,1
上 解消,上,解消,1
上 言及,上,言及,1
上 追加,上,追加,1
上 通り,上,通り,1
上 遊べる,上,遊べる,1
上 長い,上,長い,1
伴う 思う,伴う,思う,1
伴う 異変,伴う,異変,1
伴う 解消,伴う,解消,1
伴う 言及,伴う,言及,1
伴う 追加,伴う,追加,1
伴う 通り,伴う,通り,1
伴う 遊べる,伴う,遊べる,1
伴う 長い,伴う,長い,1
公開 思う,公開,思う,1
公開 異変,公開,異変,1
公開 解消,公開,解消,1
公開 言及,公開,言及,1
公開 追加,公開,追加,1
公開 通り,公開,通り,1
公開 遊べる,公開,遊べる,1
公開 長い,公開,長い,1
夏 思う,夏,思う,1
夏 異変,夏,異変,1
夏 解消,夏,解消,1
夏 言及,夏,言及,1
夏 追加,夏,追加,1
夏 通り,夏,通り,1
夏 遊べる,夏,遊べる,1
夏 長い,夏,長い,1
思う 解消,思う,解消,1
思う 言及,思う,言及,1
思う 追加,思う,追加,1
思う 通り,思う,通り,1
思う 遊べる,思う,遊べる,1
思う 長い,思う,長い,1
映画 解消,映画,解消,1
映画 言及,映画,言及,1
映画 通り,映画,通り,1
映画 遊べる,映画,遊べる,1
映画 長い,映画,長い,1
異変 解消,異変,解消,1
異変 言及,異変,言及,1
異変 通り,異変,通り,1
異変 遊べる,異変,遊べる,1
異変 長い,異変,長い,1
解消 言及,解消,言及,1
解消 追加,解消,追加,1
解消 通り,解消,通り,1
解消 遊べる,解消,遊べる,1
解消 長い,解消,長い,1
言及 追加,言及,追加,1
言及 通り,言及,通り,1
言及 遊べる,言及,遊べる,1
言及 長い,言及,長い,1
追加 通り,追加,通り,1
追加 遊べる,追加,遊べる,1
追加 長い,追加,長い,1
通り 遊べる,通り,遊べる,1
通り 長い,通り,長い,1
たどり着く ジャンプスケア,たどり着く,ジャンプスケア,1
たどり着く リミナルスペース,たどり着く,リミナルスペース,1
たどり着く 不気味,たどり着く,不気味,1
たどり着く 出口,たどり着く,出口,1
たどり着く 感じる,たどり着く,感じる,1
たどり着く 解放,たどり着く,解放,1
たどり着く 進める,たどり着く,進める,1
たどり着く 閉塞,たどり着く,閉塞,1
たどり着く 関わる,たどり着く,関わる,1
たどり着く 魅力,たどり着く,魅力,1
ジャンプスケア リミナルスペース,ジャンプスケア,リミナルスペース,1
ジャンプスケア 出口,ジャンプスケア,出口,1
ジャンプスケア 感じる,ジャンプスケア,感じる,1
ジャンプスケア 解放,ジャンプスケア,解放,1
ジャンプスケア 進める,ジャンプスケア,進める,1
ジャンプスケア 閉塞,ジャンプスケア,閉塞,1
ジャンプスケア 関わる,ジャンプスケア,関わる,1
ジャンプスケア 魅力,ジャンプスケア,魅力,1
リミナルスペース 不気味,リミナルスペース,不気味,1
リミナルスペース 出口,リミナルスペース,出口,1
リミナルスペース 感じる,リミナルスペース,感じる,1
リミナルスペース 解放,リミナルスペース,解放,1
リミナルスペース 進める,リミナルスペース,進める,1
リミナルスペース 閉塞,リミナルスペース,閉塞,1
リミナルスペース 関わる,リミナルスペース,関わる,1
リミナルスペース 魅力,リミナルスペース,魅力,1
不気味 出口,不気味,出口,1
不気味 感じる,不気味,感じる,1
不気味 解放,不気味,解放,1
不気味 進める,不気味,進める,1
不気味 閉塞,不気味,閉塞,1
不気味 関わる,不気味,関わる,1
不気味 魅力,不気味,魅力,1
出口 感じる,出口,感じる,1
出口 解放,出口,解放,1
出口 進める,出口,進める,1
出口 閉塞,出口,閉塞,1
出口 関わる,出口,関わる,1
出口 魅力,出口,魅力,1
感じる 解放,感じる,解放,1
感じる 進める,感じる,進める,1
感じる 閉塞,感じる,閉塞,1
感じる 関わる,感じる,関わる,1
感じる 魅力,感じる,魅力,1
解放 進める,解放,進める,1
解放 閉塞,解放,閉塞,1
解放 関わる,解放,関わる,1
解放 魅力,解放,魅力,1
進める 閉塞,進める,閉塞,1
進める 関わる,進める,関わる,1
進める 魅力,進める,魅力,1
閉塞 関わる,閉塞,関わる,1
閉塞 魅力,閉塞,魅力,1
関わる 魅力,関わる,魅力,1
できる 中毒,できる,中毒,1
できる 増す,できる,増す,1
できる 片手間,できる,片手間,1
できる 話す,できる,話す,1
できる 誰か,できる,誰か,1
プレイ 中毒,プレイ,中毒,1
プレイ 増す,プレイ,増す,1
プレイ 片手間,プレイ,片手間,1
プレイ 話す,プレイ,話す,1
プレイ 誰か,プレイ,誰か,1
中毒 増す,中毒,増す,1
中毒 思う,中毒,思う,1
中毒 片手間,中毒,片手間,1
中毒 話す,中毒,話す,1
中毒 誰か,中毒,誰か,1
増す 思う,増す,思う,1
増す 片手間,増す,片手間,1
増す 話す,増す,話す,1
増す 誰か,増す,誰か,1
思う 片手間,思う,片手間,1
思う 話す,思う,話す,1
思う 誰か,思う,誰か,1
片手間 話す,片手間,話す,1
片手間 誰か,片手間,誰か,1
話す 誰か,話す,誰か,1
来年 遊ぶ,来年,遊ぶ,1
ありがとう 素敵,ありがとう,素敵,1
ゲーム 素敵,ゲーム,素敵,1
おもしろい 異変,おもしろい,異変,1
おすすめ ゲームシステム,おすすめ,ゲームシステム,1
おすすめ 新鮮,おすすめ,新鮮,1
ゲームシステム 新鮮,ゲームシステム,新鮮,1
ゲームシステム 面白い,ゲームシステム,面白い,1
新鮮 面白い,新鮮,面白い,1
できる チャレンジ,できる,チャレンジ,1
できる 短時間,できる,短時間,1
チャレンジ 短時間,チャレンジ,短時間,1
チャレンジ 良い,チャレンジ,良い,1
短時間 良い,短時間,良い,1
おすすめ 謎解き,おすすめ,謎解き,1
好き 脱出,好き,脱出,1
好き 謎解き,好き,謎解き,1
脱出 謎解き,脱出,謎解き,1
ほしい 映画,ほしい,映画,1
おすすめ たのしい,おすすめ,たのしい,1
cs ばり,cs,ばり,1
cs 動き,cs,動き,1
ばり 動き,ばり,動き,1
3d酔い しれる,3d酔い,しれる,1
3d酔い だめ,3d酔い,だめ,1
しれる だめ,しれる,だめ,1
実績 簡単,実績,簡単,1
簡単 解除,簡単,解除,1
yoki おすすめ,yoki,おすすめ,1
ナイス ナイス,ナイス,ナイス,1
おすすめ からだ,おすすめ,からだ,1
おすすめ 安い,おすすめ,安い,1
おすすめ 立てる,おすすめ,立てる,1
おすすめ 親指,おすすめ,親指,1
からだ 安い,からだ,安い,1
からだ 立てる,からだ,立てる,1
からだ 親指,からだ,親指,1
安い 立てる,安い,立てる,1
安い 親指,安い,親指,1
立てる 親指,立てる,親指,1
いい 発想,いい,発想,1
操作 移動,操作,移動,1
操作 見る,操作,見る,1
移動 見る,移動,見る,1
勝ち 時点,勝ち,時点,1
キャラ 完結,キャラ,完結,1
キャラ 視点,キャラ,視点,1
完結 視点,完結,視点,1
移動 移動,移動,移動,1
全部 残り,全部,残り,1
全部 行う,全部,行う,1
全部 要素,全部,要素,1
全部 頭,全部,頭,1
残り 行う,残り,行う,1
残り 要素,残り,要素,1
残り 頭,残り,頭,1
行う 要素,行う,要素,1
行う 頭,行う,頭,1
要素 頭,要素,頭,1
いい 手軽い,いい,手軽い,1
すごい 入り口,すごい,入り口,1
すごい 思える,すごい,思える,1
すごい 簡単,すごい,簡単,1
入り口 思える,入り口,思える,1
入り口 簡単,入り口,簡単,1
思える 簡単,思える,簡単,1
予測 満足,予測,満足,1
予測 簡単,予測,簡単,1
満足 簡単,満足,簡単,1
しまう 価格,しまう,価格,1
しまう 買う,しまう,買う,1
価格 買う,価格,買う,1
流行る 流行る,流行る,流行る,1
いい でる,いい,でる,1
いい プレイ,いい,プレイ,1
いい レビュー,いい,レビュー,1
いい 読む,いい,読む,1
いい 迷う,いい,迷う,1
でる プレイ,でる,プレイ,1
でる レビュー,でる,レビュー,1
でる 読む,でる,読む,1
でる 迷う,でる,迷う,1
プレイ 読む,プレイ,読む,1
プレイ 迷う,プレイ,迷う,1
レビュー 読む,レビュー,読む,1
レビュー 迷う,レビュー,迷う,1
読む 迷う,読む,迷う,1
おすすめ 簡単,おすすめ,簡単,1
できる 発見,できる,発見,1
できる 眺める,できる,眺める,1
できる 違い,できる,違い,1
できる 違う,できる,違う,1
できる 間違い探し,できる,間違い探し,1
ゲーム 発見,ゲーム,発見,1
ゲーム 眺める,ゲーム,眺める,1
ゲーム 違い,ゲーム,違い,1
ゲーム 違う,ゲーム,違う,1
発見 眺める,発見,眺める,1
発見 簡単,発見,簡単,1
発見 違い,発見,違い,1
発見 違う,発見,違う,1
発見 間違い探し,発見,間違い探し,1
眺める 簡単,眺める,簡単,1
眺める 違い,眺める,違い,1
眺める 違う,眺める,違う,1
眺める 間違い探し,眺める,間違い探し,1
簡単 違い,簡単,違い,1
簡単 違う,簡単,違う,1
違い 違う,違い,違う,1
違い 間違い探し,違い,間違い探し,1
違う 間違い探し,違う,間違い探し,1
おすすめ やってくる,おすすめ,やってくる,1
おすすめ ゆう,おすすめ,ゆう,1
おすすめ 求める,おすすめ,求める,1
できる やってくる,できる,やってくる,1
できる ゆう,できる,ゆう,1
できる 求める,できる,求める,1
できる 難しい,できる,難しい,1
やってくる ゆう,やってくる,ゆう,1
やってくる ゲーム,やってくる,ゲーム,1
やってくる 求める,やってくる,求める,1
やってくる 難しい,やってくる,難しい,1
ゆう ゲーム,ゆう,ゲーム,1
ゆう 求める,ゆう,求める,1
ゆう 難しい,ゆう,難しい,1
ゲーム 求める,ゲーム,求める,1
ゲーム 難しい,ゲーム,難しい,1
求める 難しい,求める,難しい,1
8分 しまう,8分,しまう,1
8分 すぎる,8分,すぎる,1
8分 それ以降,8分,それ以降,1
8分 やる気,8分,やる気,1
8分 クリア,8分,クリア,1
8分 内容,8分,内容,1
8分 簡単,8分,簡単,1
8分 開く,8分,開く,1
8分 間違い,8分,間違い,1
しまう すぎる,しまう,すぎる,1
しまう それ以降,しまう,それ以降,1
しまう やる気,しまう,やる気,1
しまう クリア,しまう,クリア,1
しまう 内容,しまう,内容,1
しまう 簡単,しまう,簡単,1
しまう 開く,しまう,開く,1
すぎる それ以降,すぎる,それ以降,1
すぎる やる気,すぎる,やる気,1
すぎる クリア,すぎる,クリア,1
すぎる 内容,すぎる,内容,1
すぎる 簡単,すぎる,簡単,1
すぎる 開く,すぎる,開く,1
すぎる 間違い,すぎる,間違い,1
それ以降 やる気,それ以降,やる気,1
それ以降 クリア,それ以降,クリア,1
それ以降 内容,それ以降,内容,1
それ以降 簡単,それ以降,簡単,1
それ以降 開く,それ以降,開く,1
それ以降 間違い,それ以降,間違い,1
やる気 クリア,やる気,クリア,1
やる気 内容,やる気,内容,1
やる気 簡単,やる気,簡単,1
やる気 開く,やる気,開く,1
やる気 間違い,やる気,間違い,1
クリア 内容,クリア,内容,1
クリア 簡単,クリア,簡単,1
クリア 開く,クリア,開く,1
クリア 間違い,クリア,間違い,1
内容 簡単,内容,簡単,1
内容 開く,内容,開く,1
内容 間違い,内容,間違い,1
簡単 開く,簡単,開く,1
簡単 間違い,簡単,間違い,1
開く 間違い,開く,間違い,1
kamige おすすめ,kamige,おすすめ,1
おすすめ 普通,おすすめ,普通,1
普通 面白い,普通,面白い,1
1回 きり,1回,きり,1
1回 満足度,1回,満足度,1
1回 間違い探し,1回,間違い探し,1
きり ゲーム,きり,ゲーム,1
きり 満足度,きり,満足度,1
きり 間違い探し,きり,間違い探し,1
ゲーム 満足度,ゲーム,満足度,1
満足度 間違い探し,満足度,間違い探し,1
おすすめ ジャンプスケア,おすすめ,ジャンプスケア,1
おすすめ 逆,おすすめ,逆,1
ジャンプスケア 怖い,ジャンプスケア,怖い,1
ジャンプスケア 逆,ジャンプスケア,逆,1
不気味 怖い,不気味,怖い,1
不気味 逆,不気味,逆,1
怖い 逆,怖い,逆,1
7番 すぎる,7番,すぎる,1
7番 エグ,7番,エグ,1
7番 乗り越える,7番,乗り越える,1
7番 戻る,7番,戻る,1
7番 番,7番,番,1
すぎる エグ,すぎる,エグ,1
すぎる 乗り越える,すぎる,乗り越える,1
すぎる 戻る,すぎる,戻る,1
すぎる 番,すぎる,番,1
エグ 乗り越える,エグ,乗り越える,1
エグ 戻る,エグ,戻る,1
エグ 番,エグ,番,1
乗り越える 戻る,乗り越える,戻る,1
乗り越える 番,乗り越える,番,1
戻る 番,戻る,番,1
おじさん 怖い,おじさん,怖い,1
おじさん 近づく,おじさん,近づく,1
おすすめ 近づく,おすすめ,近づく,1
怖い 近づく,怖い,近づく,1
4k解像度 おすすめ,4k解像度,おすすめ,1
4k解像度 グラフィック,4k解像度,グラフィック,1
4k解像度 対応,4k解像度,対応,1
4k解像度 綺麗,4k解像度,綺麗,1
おすすめ グラフィック,おすすめ,グラフィック,1
おすすめ 対応,おすすめ,対応,1
おすすめ 綺麗,おすすめ,綺麗,1
グラフィック 対応,グラフィック,対応,1
対応 綺麗,対応,綺麗,1
コンプリート 異変,コンプリート,異変,1
コンプリート 頑張る,コンプリート,頑張る,1
おすすめ 着信アリ,おすすめ,着信アリ,1
おすすめ 興味,おすすめ,興味,1
おすすめ 題名,おすすめ,題名,1
作品 多く,作品,多く,1
作品 持つ,作品,持つ,1
作品 着信アリ,作品,着信アリ,1
作品 興味,作品,興味,1
作品 題名,作品,題名,1
多く 持つ,多く,持つ,1
多く 着信アリ,多く,着信アリ,1
多く 興味,多く,興味,1
多く 題名,多く,題名,1
持つ 着信アリ,持つ,着信アリ,1
持つ 興味,持つ,興味,1
持つ 題名,持つ,題名,1
着信アリ 興味,着信アリ,興味,1
着信アリ 題名,着信アリ,題名,1
興味 題名,興味,題名,1
できる センセーショナル,できる,センセーショナル,1
できる 大事,できる,大事,1
できる 覚えやすい,できる,覚えやすい,1
できる 題名,できる,題名,1
センセーショナル 大事,センセーショナル,大事,1
センセーショナル 覚えやすい,センセーショナル,覚えやすい,1
センセーショナル 認識,センセーショナル,認識,1
センセーショナル 題名,センセーショナル,題名,1
大事 覚えやすい,大事,覚えやすい,1
大事 認識,大事,認識,1
大事 題名,大事,題名,1
覚えやすい 認識,覚えやすい,認識,1
覚えやすい 題名,覚えやすい,題名,1
認識 題名,認識,題名,1
できる グラフィック,できる,グラフィック,1
できる フォト,できる,フォト,1
できる リアル,できる,リアル,1
できる 仕上げる,できる,仕上げる,1
できる 個人,できる,個人,1
できる 凹凸,できる,凹凸,1
できる 制作,できる,制作,1
できる 地下鉄,できる,地下鉄,1
できる 場所,できる,場所,1
できる 少ない,できる,少ない,1
できる 極端,できる,極端,1
できる 舞台,できる,舞台,1
できる 駅構内,できる,駅構内,1
グラフィック ゲーム,グラフィック,ゲーム,1
グラフィック フォト,グラフィック,フォト,1
グラフィック リアル,グラフィック,リアル,1
グラフィック 仕上げる,グラフィック,仕上げる,1
グラフィック 個人,グラフィック,個人,1
グラフィック 地下鉄,グラフィック,地下鉄,1
グラフィック 場所,グラフィック,場所,1
グラフィック 少ない,グラフィック,少ない,1
グラフィック 極端,グラフィック,極端,1
グラフィック 舞台,グラフィック,舞台,1
グラフィック 駅構内,グラフィック,駅構内,1
ゲーム フォト,ゲーム,フォト,1
ゲーム リアル,ゲーム,リアル,1
ゲーム 仕上げる,ゲーム,仕上げる,1
ゲーム 個人,ゲーム,個人,1
ゲーム 凹凸,ゲーム,凹凸,1
ゲーム 制作,ゲーム,制作,1
ゲーム 地下鉄,ゲーム,地下鉄,1
ゲーム 駅構内,ゲーム,駅構内,1
フォト 仕上げる,フォト,仕上げる,1
フォト 個人,フォト,個人,1
フォト 凹凸,フォト,凹凸,1
フォト 制作,フォト,制作,1
フォト 地下鉄,フォト,地下鉄,1
フォト 場所,フォト,場所,1
フォト 少ない,フォト,少ない,1
フォト 極端,フォト,極端,1
フォト 舞台,フォト,舞台,1
フォト 駅構内,フォト,駅構内,1
リアル 仕上げる,リアル,仕上げる,1
リアル 個人,リアル,個人,1
リアル 凹凸,リアル,凹凸,1
リアル 制作,リアル,制作,1
リアル 地下鉄,リアル,地下鉄,1
リアル 場所,リアル,場所,1
リアル 極端,リアル,極端,1
リアル 駅構内,リアル,駅構内,1
仕上げる 個人,仕上げる,個人,1
仕上げる 凹凸,仕上げる,凹凸,1
仕上げる 制作,仕上げる,制作,1
仕上げる 地下鉄,仕上げる,地下鉄,1
仕上げる 場所,仕上げる,場所,1
仕上げる 少ない,仕上げる,少ない,1
仕上げる 極端,仕上げる,極端,1
仕上げる 舞台,仕上げる,舞台,1
仕上げる 駅構内,仕上げる,駅構内,1
個人 凹凸,個人,凹凸,1
個人 地下鉄,個人,地下鉄,1
個人 場所,個人,場所,1
個人 少ない,個人,少ない,1
個人 極端,個人,極端,1
個人 舞台,個人,舞台,1
個人 駅構内,個人,駅構内,1
凹凸 地下鉄,凹凸,地下鉄,1
凹凸 場所,凹凸,場所,1
凹凸 極端,凹凸,極端,1
凹凸 舞台,凹凸,舞台,1
制作 地下鉄,制作,地下鉄,1
制作 場所,制作,場所,1
制作 少ない,制作,少ない,1
制作 極端,制作,極端,1
制作 舞台,制作,舞台,1
制作 駅構内,制作,駅構内,1
地下鉄 場所,地下鉄,場所,1
地下鉄 少ない,地下鉄,少ない,1
地下鉄 極端,地下鉄,極端,1
地下鉄 舞台,地下鉄,舞台,1
地下鉄 駅構内,地下鉄,駅構内,1
場所 駅構内,場所,駅構内,1
極端 駅構内,極端,駅構内,1
舞台 駅構内,舞台,駅構内,1
3d なるほど,3d,なるほど,1
3d グラフィック,3d,グラフィック,1
3d ポリゴン,3d,ポリゴン,1
3d 凹凸,3d,凹凸,1
3d 制作,3d,制作,1
3d 多い,3d,多い,1
3d 大変,3d,大変,1
3d 通常,3d,通常,1
なるほど グラフィック,なるほど,グラフィック,1
なるほど ポリゴン,なるほど,ポリゴン,1
なるほど 凹凸,なるほど,凹凸,1
なるほど 制作,なるほど,制作,1
なるほど 多い,なるほど,多い,1
なるほど 大変,なるほど,大変,1
なるほど 通常,なるほど,通常,1
グラフィック ポリゴン,グラフィック,ポリゴン,1
グラフィック 多い,グラフィック,多い,1
グラフィック 大変,グラフィック,大変,1
グラフィック 通常,グラフィック,通常,1
ポリゴン 凹凸,ポリゴン,凹凸,1
ポリゴン 制作,ポリゴン,制作,1
ポリゴン 多い,ポリゴン,多い,1
ポリゴン 大変,ポリゴン,大変,1
ポリゴン 通常,ポリゴン,通常,1
凹凸 多い,凹凸,多い,1
凹凸 大変,凹凸,大変,1
凹凸 通常,凹凸,通常,1
制作 多い,制作,多い,1
制作 大変,制作,大変,1
制作 通常,制作,通常,1
多い 大変,多い,大変,1
多い 通常,多い,通常,1
大変 通常,大変,通常,1
p.t. アセット,p.t.,アセット,1
p.t. ループ,p.t.,ループ,1
p.t. 体験,p.t.,体験,1
p.t. 場所,p.t.,場所,1
p.t. 実現,p.t.,実現,1
p.t. 少ない,p.t.,少ない,1
p.t. 成立,p.t.,成立,1
p.t. 極端,p.t.,極端,1
p.t. 舞台,p.t.,舞台,1
p.t. 進行,p.t.,進行,1
p.t. 選び,p.t.,選び,1
p.t. 量,p.t.,量,1
p.t. 開発者,p.t.,開発者,1
アセット ループ,アセット,ループ,1
アセット 体験,アセット,体験,1
アセット 場所,アセット,場所,1
アセット 実現,アセット,実現,1
アセット 少ない,アセット,少ない,1
アセット 成立,アセット,成立,1
アセット 極端,アセット,極端,1
アセット 舞台,アセット,舞台,1
アセット 進行,アセット,進行,1
アセット 選び,アセット,選び,1
アセット 量,アセット,量,1
アセット 開発者,アセット,開発者,1
ループ 体験,ループ,体験,1
ループ 場所,ループ,場所,1
ループ 実現,ループ,実現,1
ループ 少ない,ループ,少ない,1
ループ 成立,ループ,成立,1
ループ 極端,ループ,極端,1
ループ 舞台,ループ,舞台,1
ループ 進行,ループ,進行,1
ループ 選び,ループ,選び,1
ループ 量,ループ,量,1
ループ 開発者,ループ,開発者,1
体験 場所,体験,場所,1
体験 実現,体験,実現,1
体験 少ない,体験,少ない,1
体験 成立,体験,成立,1
体験 極端,体験,極端,1
体験 舞台,体験,舞台,1
体験 進行,体験,進行,1
体験 選び,体験,選び,1
体験 量,体験,量,1
場所 実現,場所,実現,1
場所 成立,場所,成立,1
場所 進行,場所,進行,1
場所 選び,場所,選び,1
場所 量,場所,量,1
場所 開発者,場所,開発者,1
実現 少ない,実現,少ない,1
実現 成立,実現,成立,1
実現 極端,実現,極端,1
実現 舞台,実現,舞台,1
実現 進行,実現,進行,1
実現 選び,実現,選び,1
実現 量,実現,量,1
実現 開発者,実現,開発者,1
少ない 成立,少ない,成立,1
少ない 進行,少ない,進行,1
少ない 選び,少ない,選び,1
少ない 開発者,少ない,開発者,1
成立 極端,成立,極端,1
成立 舞台,成立,舞台,1
成立 進行,成立,進行,1
成立 選び,成立,選び,1
成立 量,成立,量,1
成立 開発者,成立,開発者,1
極端 進行,極端,進行,1
極端 選び,極端,選び,1
極端 量,極端,量,1
極端 開発者,極端,開発者,1
舞台 進行,舞台,進行,1
舞台 選び,舞台,選び,1
舞台 量,舞台,量,1
舞台 開発者,舞台,開発者,1
進行 選び,進行,選び,1
進行 量,進行,量,1
進行 開発者,進行,開発者,1
選び 量,選び,量,1
選び 開発者,選び,開発者,1
量 開発者,量,開発者,1
センス 思う,センス,思う,1
センス 素晴らしい,センス,素晴らしい,1
思う 素晴らしい,思う,素晴らしい,1
やりやすい 一切,やりやすい,一切,1
やりやすい 凹凸,やりやすい,凹凸,1
やりやすい 少ない,やりやすい,少ない,1
やりやすい 感じる,やりやすい,感じる,1
やりやすい 理不尽,やりやすい,理不尽,1
やりやすい 真っ白,やりやすい,真っ白,1
やりやすい 遊ぶ,やりやすい,遊ぶ,1
やりやすい 間違い探し,やりやすい,間違い探し,1
やりやすい 駅構内,やりやすい,駅構内,1
一切 凹凸,一切,凹凸,1
一切 少ない,一切,少ない,1
一切 感じる,一切,感じる,1
一切 理不尽,一切,理不尽,1
一切 真っ白,一切,真っ白,1
一切 遊ぶ,一切,遊ぶ,1
一切 間違い探し,一切,間違い探し,1
一切 駅構内,一切,駅構内,1
凹凸 感じる,凹凸,感じる,1
凹凸 理不尽,凹凸,理不尽,1
凹凸 真っ白,凹凸,真っ白,1
凹凸 遊ぶ,凹凸,遊ぶ,1
凹凸 間違い探し,凹凸,間違い探し,1
少ない 感じる,少ない,感じる,1
少ない 理不尽,少ない,理不尽,1
少ない 真っ白,少ない,真っ白,1
少ない 遊ぶ,少ない,遊ぶ,1
少ない 間違い探し,少ない,間違い探し,1
感じる 理不尽,感じる,理不尽,1
感じる 真っ白,感じる,真っ白,1
感じる 遊ぶ,感じる,遊ぶ,1
感じる 間違い探し,感じる,間違い探し,1
感じる 駅構内,感じる,駅構内,1
理不尽 真っ白,理不尽,真っ白,1
理不尽 遊ぶ,理不尽,遊ぶ,1
理不尽 間違い探し,理不尽,間違い探し,1
理不尽 駅構内,理不尽,駅構内,1
真っ白 遊ぶ,真っ白,遊ぶ,1
真っ白 間違い探し,真っ白,間違い探し,1
真っ白 駅構内,真っ白,駅構内,1
遊ぶ 間違い探し,遊ぶ,間違い探し,1
遊ぶ 駅構内,遊ぶ,駅構内,1
間違い探し 駅構内,間違い探し,駅構内,1
はず 個人,はず,個人,1
はず 制作,はず,制作,1
はず 多く,はず,多く,1
はず 学ぶ,はず,学ぶ,1
はず 本作,はず,本作,1
個人 多く,個人,多く,1
個人 学ぶ,個人,学ぶ,1
個人 本作,個人,本作,1
制作 多く,制作,多く,1
制作 学ぶ,制作,学ぶ,1
制作 本作,制作,本作,1
多く 学ぶ,多く,学ぶ,1
多く 本作,多く,本作,1
学ぶ 本作,学ぶ,本作,1
おすすめ バリエーション,おすすめ,バリエーション,1
おすすめ 基本,おすすめ,基本,1
おすすめ 小規模,おすすめ,小規模,1
おすすめ 思う,おすすめ,思う,1
おすすめ 本,おすすめ,本,1
おすすめ 通路,おすすめ,通路,1
おすすめ 非常,おすすめ,非常,1
バリエーション 基本,バリエーション,基本,1
バリエーション 多く,バリエーション,多く,1
バリエーション 小規模,バリエーション,小規模,1
バリエーション 思う,バリエーション,思う,1
バリエーション 本,バリエーション,本,1
バリエーション 要素,バリエーション,要素,1
バリエーション 通路,バリエーション,通路,1
バリエーション 非常,バリエーション,非常,1
基本 多く,基本,多く,1
基本 小規模,基本,小規模,1
基本 思う,基本,思う,1
基本 本,基本,本,1
基本 異変,基本,異変,1
基本 要素,基本,要素,1
基本 通路,基本,通路,1
基本 非常,基本,非常,1
多く 小規模,多く,小規模,1
多く 思う,多く,思う,1
多く 本,多く,本,1
多く 通路,多く,通路,1
多く 非常,多く,非常,1
小規模 思う,小規模,思う,1
小規模 本,小規模,本,1
小規模 異変,小規模,異変,1
小規模 要素,小規模,要素,1
小規模 通路,小規模,通路,1
小規模 非常,小規模,非常,1
思う 本,思う,本,1
思う 通路,思う,通路,1
思う 非常,思う,非常,1
本 異変,本,異変,1
本 要素,本,要素,1
本 通路,本,通路,1
本 非常,本,非常,1
異変 通路,異変,通路,1
要素 通路,要素,通路,1
要素 非常,要素,非常,1
通路 非常,通路,非常,1
仕込む 凝視,仕込む,凝視,1
仕込む 徒労,仕込む,徒労,1
仕込む 毎回,仕込む,毎回,1
仕込む 異変,仕込む,異変,1
仕込む 知れる,仕込む,知れる,1
仕込む 箇所,仕込む,箇所,1
仕込む 結局,仕込む,結局,1
仕込む 襲う,仕込む,襲う,1
仕込む 間違い探し,仕込む,間違い探し,1
仕込む 面白い,仕込む,面白い,1
凝視 徒労,凝視,徒労,1
凝視 毎回,凝視,毎回,1
凝視 異変,凝視,異変,1
凝視 知れる,凝視,知れる,1
凝視 箇所,凝視,箇所,1
凝視 結局,凝視,結局,1
凝視 襲う,凝視,襲う,1
凝視 間違い探し,凝視,間違い探し,1
凝視 面白い,凝視,面白い,1
徒労 毎回,徒労,毎回,1
徒労 異変,徒労,異変,1
徒労 知れる,徒労,知れる,1
徒労 箇所,徒労,箇所,1
徒労 結局,徒労,結局,1
徒労 襲う,徒労,襲う,1
徒労 間違い探し,徒労,間違い探し,1
徒労 面白い,徒労,面白い,1
毎回 異変,毎回,異変,1
毎回 知れる,毎回,知れる,1
毎回 箇所,毎回,箇所,1
毎回 結局,毎回,結局,1
毎回 襲う,毎回,襲う,1
毎回 間違い探し,毎回,間違い探し,1
毎回 面白い,毎回,面白い,1
異変 知れる,異変,知れる,1
異変 箇所,異変,箇所,1
異変 襲う,異変,襲う,1
異変 間違い探し,異変,間違い探し,1
知れる 箇所,知れる,箇所,1
知れる 結局,知れる,結局,1
知れる 襲う,知れる,襲う,1
知れる 間違い探し,知れる,間違い探し,1
知れる 面白い,知れる,面白い,1
箇所 結局,箇所,結局,1
箇所 襲う,箇所,襲う,1
箇所 間違い探し,箇所,間違い探し,1
箇所 面白い,箇所,面白い,1
結局 襲う,結局,襲う,1
結局 間違い探し,結局,間違い探し,1
結局 面白い,結局,面白い,1
襲う 間違い探し,襲う,間違い探し,1
襲う 面白い,襲う,面白い,1
おすすめ たま,おすすめ,たま,1
おすすめ わかる,おすすめ,わかる,1
おすすめ 大体,おすすめ,大体,1
おすすめ 気づく,おすすめ,気づく,1
たま わかる,たま,わかる,1
たま 大体,たま,大体,1
たま 気づく,たま,気づく,1
わかる 大体,わかる,大体,1
わかる 気づく,わかる,気づく,1
大体 気づく,大体,気づく,1
ホラー 不気味,ホラー,不気味,1
ホラー 雰囲気,ホラー,雰囲気,1
お勧め 個人的,お勧め,個人的,1
お勧め 友達,お勧め,友達,1
お勧め 画面,お勧め,画面,1
お勧め 見せる,お勧め,見せる,1
個人的 友達,個人的,友達,1
個人的 画面,個人的,画面,1
個人的 見せる,個人的,見せる,1
友達 画面,友達,画面,1
友達 見せる,友達,見せる,1
画面 見せる,画面,見せる,1
増える 映画,増える,映画,1
増える 楽しみ,増える,楽しみ,1
増える 異変,増える,異変,1
増える 確認,増える,確認,1
増える 記念,増える,記念,1
映画 楽しみ,映画,楽しみ,1
映画 確認,映画,確認,1
楽しみ 異変,楽しみ,異変,1
楽しみ 確認,楽しみ,確認,1
楽しみ 記念,楽しみ,記念,1
確認 記念,確認,記念,1
おすすめ くれる,おすすめ,くれる,1
おすすめ 世界,おすすめ,世界,1
おすすめ 教える,おすすめ,教える,1
おすすめ 新ジャンル,おすすめ,新ジャンル,1
くれる ホラー,くれる,ホラー,1
くれる 世界,くれる,世界,1
くれる 教える,くれる,教える,1
くれる 新ジャンル,くれる,新ジャンル,1
くれる 間違い探し,くれる,間違い探し,1
くれる 面白い,くれる,面白い,1
ホラー 世界,ホラー,世界,1
ホラー 教える,ホラー,教える,1
ホラー 新ジャンル,ホラー,新ジャンル,1
ホラー 面白い,ホラー,面白い,1
世界 教える,世界,教える,1
世界 新ジャンル,世界,新ジャンル,1
世界 間違い探し,世界,間違い探し,1
世界 面白い,世界,面白い,1
教える 新ジャンル,教える,新ジャンル,1
教える 間違い探し,教える,間違い探し,1
教える 面白い,教える,面白い,1
新ジャンル 間違い探し,新ジャンル,間違い探し,1
新ジャンル 面白い,新ジャンル,面白い,1
さくさく すすむ,さくさく,すすむ,1
さくさく わかりやすい,さくさく,わかりやすい,1
さくさく 異変,さくさく,異変,1
さくさく 面白い,さくさく,面白い,1
さくさく 👍,さくさく,👍,1
すすむ わかりやすい,すすむ,わかりやすい,1
すすむ 異変,すすむ,異変,1
すすむ 面白い,すすむ,面白い,1
すすむ 👍,すすむ,👍,1
わかりやすい 面白い,わかりやすい,面白い,1
わかりやすい 👍,わかりやすい,👍,1
異変 👍,異変,👍,1
面白い 👍,面白い,👍,1
おすすめ 雰囲気,おすすめ,雰囲気,1
不気味 良い,不気味,良い,1
良い 雰囲気,良い,雰囲気,1
バリエーション 地味,バリエーション,地味,1
バリエーション 派手,バリエーション,派手,1
バリエーション 豊富,バリエーション,豊富,1
バリエーション 面白い,バリエーション,面白い,1
地味 派手,地味,派手,1
地味 豊富,地味,豊富,1
地味 面白い,地味,面白い,1
派手 豊富,派手,豊富,1
派手 面白い,派手,面白い,1
豊富 面白い,豊富,面白い,1
おすすめ すぎる,おすすめ,すぎる,1
おすすめ アツ,おすすめ,アツ,1
おすすめ ラスト,おすすめ,ラスト,1
おすすめ 伏線,おすすめ,伏線,1
おすすめ 回収,おすすめ,回収,1
すぎる アツ,すぎる,アツ,1
すぎる ラスト,すぎる,ラスト,1
すぎる 伏線,すぎる,伏線,1
すぎる 回収,すぎる,回収,1
アツ ラスト,アツ,ラスト,1
アツ 伏線,アツ,伏線,1
アツ 回収,アツ,回収,1
ラスト 伏線,ラスト,伏線,1
ラスト 回収,ラスト,回収,1
伏線 回収,伏線,回収,1
muzukasii おすすめ,muzukasii,おすすめ,1
おすすめ おもろい,おすすめ,おもろい,1
おすすめ ホラゲー,おすすめ,ホラゲー,1
おもろい ホラゲー,おもろい,ホラゲー,1
できる ホラゲー,できる,ホラゲー,1
できる 無理,できる,無理,1
ホラゲー 無理,ホラゲー,無理,1
戻る 探す,戻る,探す,1
戻る 自体,戻る,自体,1
探す 自体,探す,自体,1
探す 進む,探す,進む,1
異変 自体,異変,自体,1
自体 進む,自体,進む,1
ダッシュ 寄る,ダッシュ,寄る,1
ダッシュ 怖い,ダッシュ,怖い,1
ダッシュ 戻る,ダッシュ,戻る,1
ダッシュ 異変,ダッシュ,異変,1
ダッシュ 要素,ダッシュ,要素,1
ダッシュ 隙間,ダッシュ,隙間,1
寄る 怖い,寄る,怖い,1
寄る 戻る,寄る,戻る,1
寄る 異変,寄る,異変,1
寄る 要素,寄る,要素,1
寄る 隙間,寄る,隙間,1
怖い 戻る,怖い,戻る,1
怖い 隙間,怖い,隙間,1
戻る 要素,戻る,要素,1
戻る 隙間,戻る,隙間,1
異変 隙間,異変,隙間,1
要素 隙間,要素,隙間,1
怖い 映画化,怖い,映画化,1
怖い 行く,怖い,行く,1
怖い 迷う,怖い,迷う,1
映画化 行く,映画化,行く,1
映画化 迷う,映画化,迷う,1
行く 迷う,行く,迷う,1
パネェ 出口,パネェ,出口,1
パネェ 思う,パネェ,思う,1
パネェ 番,パネェ,番,1
パネェ 異変,パネェ,異変,1
パネェ 絶望感,パネェ,絶望感,1
パネェ 進む,パネェ,進む,1
出口 思う,出口,思う,1
出口 番,出口,番,1
出口 異変,出口,異変,1
出口 絶望感,出口,絶望感,1
出口 進む,出口,進む,1
思う 番,思う,番,1
思う 絶望感,思う,絶望感,1
番 異変,番,異変,1
番 絶望感,番,絶望感,1
番 進む,番,進む,1
異変 絶望感,異変,絶望感,1
絶望感 進む,絶望感,進む,1
2時間 w,2時間,w,1
2時間 いや,2時間,いや,1
2時間 たらしい,2時間,たらしい,1
2時間 とる,2時間,とる,1
2時間 わかる,2時間,わかる,1
2時間 クリア,2時間,クリア,1
2時間 異変,2時間,異変,1
w いや,w,いや,1
w たらしい,w,たらしい,1
w わかる,w,わかる,1
w クリア,w,クリア,1
w 異変,w,異変,1
いや たらしい,いや,たらしい,1
いや とる,いや,とる,1
いや わかる,いや,わかる,1
いや クリア,いや,クリア,1
いや 異変,いや,異変,1
たらしい とる,たらしい,とる,1
たらしい わかる,たらしい,わかる,1
たらしい クリア,たらしい,クリア,1
たらしい 異変,たらしい,異変,1
とる わかる,とる,わかる,1
とる クリア,とる,クリア,1
とる 異変,とる,異変,1
わかる クリア,わかる,クリア,1
おすすめ 歩く,おすすめ,歩く,1
ドキドキ 地下道,ドキドキ,地下道,1
ドキドキ 歩く,ドキドキ,歩く,1
しない しまう,しない,しまう,1
しない コンテンツ,しない,コンテンツ,1
しない 派,しない,派,1
しない 追加,しない,追加,1
しまう コンテンツ,しまう,コンテンツ,1
しまう 派,しまう,派,1
しまう 追加,しまう,追加,1
コンテンツ 派,コンテンツ,派,1
コンテンツ 追加,コンテンツ,追加,1
派 追加,派,追加,1
課金 課金,課金,課金,1
映画 行く,映画,行く,1
gomi おすすめ,gomi,おすすめ,1
シンプル 面白い,シンプル,面白い,1
グラ 癖,グラ,癖,1
pc おすすめ,pc,おすすめ,1
pc わかりやすい,pc,わかりやすい,1
pc ルール,pc,ルール,1
pc 単純,pc,単純,1
pc 映画,pc,映画,1
pc 異変,pc,異変,1
pc 買う,pc,買う,1
おすすめ わかりやすい,おすすめ,わかりやすい,1
わかりやすい ルール,わかりやすい,ルール,1
わかりやすい 単純,わかりやすい,単純,1
わかりやすい 映画,わかりやすい,映画,1
わかりやすい 買う,わかりやすい,買う,1
ルール 映画,ルール,映画,1
ルール 異変,ルール,異変,1
ルール 買う,ルール,買う,1
単純 映画,単純,映画,1
単純 買う,単純,買う,1
映画 買う,映画,買う,1
異変 買う,異変,買う,1
しまう たま,しまう,たま,1
しまう わかりにくい,しまう,わかりにくい,1
たま わかりにくい,たま,わかりにくい,1
たま 探す,たま,探す,1
たま 見逃す,たま,見逃す,1
わかりにくい 探す,わかりにくい,探す,1
わかりにくい 見逃す,わかりにくい,見逃す,1
探す 見逃す,探す,見逃す,1
東京メトロ 謎解き,東京メトロ,謎解き,1
東京メトロ 面白い,東京メトロ,面白い,1
謎解き 面白い,謎解き,面白い,1
原作 新しい,原作,新しい,1
新しい 映画,新しい,映画,1
探す 残る,探す,残る,1
探す 😊,探す,😊,1
残る 異変,残る,異変,1
残る 😊,残る,😊,1
異変 😊,異変,😊,1
おすすめ 発見,おすすめ,発見,1
すべて クリア,すべて,クリア,1
すべて 発見,すべて,発見,1
クリア 発見,クリア,発見,1
異変 発見,異変,発見,1
3d ゲーム,3d,ゲーム,1
3d 楽しい,3d,楽しい,1
3d 間違い探し,3d,間違い探し,1
楽しい 間違い探し,楽しい,間違い探し,1
おすすめ ごみ,おすすめ,ごみ,1
おすすめ マジで,おすすめ,マジで,1
おすすめ 視点,おすすめ,視点,1
ごみ マジで,ごみ,マジで,1
ごみ 視点,ごみ,視点,1
マジで 視点,マジで,視点,1
ゲーム 以前,ゲーム,以前,1
以前 内容,以前,内容,1
以前 問題,以前,問題,1
内容 問題,内容,問題,1
w 一番,w,一番,1
w 世界,w,世界,1
w 使い方,w,使い方,1
w 無駄,w,無駄,1
一番 世界,一番,世界,1
一番 使い方,一番,使い方,1
一番 無駄,一番,無駄,1
世界 使い方,世界,使い方,1
世界 無駄,世界,無駄,1
使い方 無駄,使い方,無駄,1
w w,w,w,1
おもろい とる,おもろい,とる,1
おもろい ひょうしぬけ,おもろい,ひょうしぬけ,1
おもろい 思う,おもろい,思う,1
おもろい 映画,おもろい,映画,1
とる ひょうしぬけ,とる,ひょうしぬけ,1
とる 思う,とる,思う,1
とる 映画,とる,映画,1
ひょうしぬけ 思う,ひょうしぬけ,思う,1
ひょうしぬけ 映画,ひょうしぬけ,映画,1
おすすめ 設定,おすすめ,設定,1
シンプル ドキドキ,シンプル,ドキドキ,1
シンプル 楽しい,シンプル,楽しい,1
シンプル 設定,シンプル,設定,1
ドキドキ 探す,ドキドキ,探す,1
ドキドキ 楽しい,ドキドキ,楽しい,1
ドキドキ 異変,ドキドキ,異変,1
ドキドキ 設定,ドキドキ,設定,1
探す 楽しい,探す,楽しい,1
探す 設定,探す,設定,1
楽しい 設定,楽しい,設定,1
異変 設定,異変,設定,1
8回 こなす,8回,こなす,1
8回 めげる,8回,めげる,1
8回 ミス,8回,ミス,1
8回 塩梅,8回,塩梅,1
8回 思う,8回,思う,1
8回 感じる,8回,感じる,1
8回 戻る,8回,戻る,1
8回 救い,8回,救い,1
8回 数字,8回,数字,1
8回 済む,8回,済む,1
8回 絶望,8回,絶望,1
8回 良い,8回,良い,1
8回 見る,8回,見る,1
こなす めげる,こなす,めげる,1
こなす ミス,こなす,ミス,1
こなす 塩梅,こなす,塩梅,1
こなす 思う,こなす,思う,1
こなす 感じる,こなす,感じる,1
こなす 戻る,こなす,戻る,1
こなす 救い,こなす,救い,1
こなす 数字,こなす,数字,1
こなす 済む,こなす,済む,1
こなす 絶望,こなす,絶望,1
こなす 良い,こなす,良い,1
こなす 見る,こなす,見る,1
めげる ミス,めげる,ミス,1
めげる 塩梅,めげる,塩梅,1
めげる 思う,めげる,思う,1
めげる 感じる,めげる,感じる,1
めげる 戻る,めげる,戻る,1
めげる 救い,めげる,救い,1
めげる 数字,めげる,数字,1
めげる 済む,めげる,済む,1
めげる 絶望,めげる,絶望,1
めげる 良い,めげる,良い,1
めげる 見る,めげる,見る,1
クリア クリア,クリア,クリア,1
ミス 塩梅,ミス,塩梅,1
ミス 思う,ミス,思う,1
ミス 戻る,ミス,戻る,1
ミス 救い,ミス,救い,1
ミス 数字,ミス,数字,1
ミス 済む,ミス,済む,1
ミス 絶望,ミス,絶望,1
ミス 良い,ミス,良い,1
ミス 見る,ミス,見る,1
塩梅 思う,塩梅,思う,1
塩梅 感じる,塩梅,感じる,1
塩梅 戻る,塩梅,戻る,1
塩梅 救い,塩梅,救い,1
塩梅 数字,塩梅,数字,1
塩梅 済む,塩梅,済む,1
塩梅 絶望,塩梅,絶望,1
塩梅 良い,塩梅,良い,1
塩梅 見る,塩梅,見る,1
思う 感じる,思う,感じる,1
思う 戻る,思う,戻る,1
思う 救い,思う,救い,1
思う 数字,思う,数字,1
思う 済む,思う,済む,1
思う 絶望,思う,絶望,1
思う 見る,思う,見る,1
感じる 戻る,感じる,戻る,1
感じる 救い,感じる,救い,1
感じる 数字,感じる,数字,1
感じる 済む,感じる,済む,1
感じる 絶望,感じる,絶望,1
感じる 良い,感じる,良い,1
感じる 見る,感じる,見る,1
戻る 救い,戻る,救い,1
戻る 数字,戻る,数字,1
戻る 済む,戻る,済む,1
戻る 絶望,戻る,絶望,1
戻る 良い,戻る,良い,1
戻る 見る,戻る,見る,1
救い 数字,救い,数字,1
救い 済む,救い,済む,1
救い 絶望,救い,絶望,1
救い 良い,救い,良い,1
救い 見る,救い,見る,1
数字 済む,数字,済む,1
数字 絶望,数字,絶望,1
数字 良い,数字,良い,1
数字 見る,数字,見る,1
済む 絶望,済む,絶望,1
済む 良い,済む,良い,1
済む 見る,済む,見る,1
絶望 良い,絶望,良い,1
絶望 見る,絶望,見る,1
良い 見る,良い,見る,1
ネタバレ 内容,ネタバレ,内容,1
ネタバレ 念の為,ネタバレ,念の為,1
内容 念の為,内容,念の為,1
spoiler 映画,spoiler,映画,1
spoiler 映画鑑賞,spoiler,映画鑑賞,1
spoiler 異変,spoiler,異変,1
spoiler 記念,spoiler,記念,1
spoiler 追加,spoiler,追加,1
spoiler 遊ぶ,spoiler,遊ぶ,1
映画 映画鑑賞,映画,映画鑑賞,1
映画鑑賞 異変,映画鑑賞,異変,1
映画鑑賞 記念,映画鑑賞,記念,1
映画鑑賞 追加,映画鑑賞,追加,1
映画鑑賞 遊ぶ,映画鑑賞,遊ぶ,1
記念 遊ぶ,記念,遊ぶ,1
追加 遊ぶ,追加,遊ぶ,1
楽しい 進研ゼミ,楽しい,進研ゼミ,1
いい おすすめ,いい,おすすめ,1
いい 重い,いい,重い,1
おすすめ 重い,おすすめ,重い,1
おすすめ コスパ,おすすめ,コスパ,1
よい コスパ,よい,コスパ,1
YouTube できる,YouTube,できる,1
YouTube コンプリート,YouTube,コンプリート,1
YouTube 実況,YouTube,実況,1
YouTube 攻略サイト,YouTube,攻略サイト,1
YouTube 楽しい,YouTube,楽しい,1
できる コンプリート,できる,コンプリート,1
できる 実況,できる,実況,1
できる 攻略サイト,できる,攻略サイト,1
コンプリート 実況,コンプリート,実況,1
コンプリート 攻略サイト,コンプリート,攻略サイト,1
コンプリート 楽しい,コンプリート,楽しい,1
実況 攻略サイト,実況,攻略サイト,1
実況 楽しい,実況,楽しい,1
攻略サイト 楽しい,攻略サイト,楽しい,1
おすすめ 多人数,おすすめ,多人数,1
ゲーム 多人数,ゲーム,多人数,1
ゲーム 実況,ゲーム,実況,1
多人数 実況,多人数,実況,1
気付け 気付け,気付け,気付け,1
しない 切り替える,しない,切り替える,1
しない 終わる,しない,終わる,1
しない 頭,しない,頭,1
切り替える 終わる,切り替える,終わる,1
切り替える 頭,切り替える,頭,1
終わる 頭,終わる,頭,1
いける 画面,いける,画面,1
いける 細かい,いける,細かい,1
いける 酔う,いける,酔う,1
画面 細かい,画面,細かい,1
画面 酔う,画面,酔う,1
細かい 酔う,細かい,酔う,1
プレイ 悪い,プレイ,悪い,1
プレイ 気分,プレイ,気分,1
プレイ 繰り返す,プレイ,繰り返す,1
プレイ 辛い,プレイ,辛い,1
悪い 気分,悪い,気分,1
悪い 繰り返す,悪い,繰り返す,1
悪い 辛い,悪い,辛い,1
気分 繰り返す,気分,繰り返す,1
気分 辛い,気分,辛い,1
繰り返す 辛い,繰り返す,辛い,1
おすすめ 裏技,おすすめ,裏技,1
値段 楽しめる,値段,楽しめる,1
主 細かい,主,細かい,1
主 間違い探し,主,間違い探し,1
細かい 間違い探し,細かい,間違い探し,1
わかりやすい アンバランス,わかりやすい,アンバランス,1
わかりやすい ホラー,わかりやすい,ホラー,1
わかりやすい ユーザー,わかりやすい,ユーザー,1
わかりやすい 効果音,わかりやすい,効果音,1
わかりやすい 少ない,わかりやすい,少ない,1
わかりやすい 忍び寄る,わかりやすい,忍び寄る,1
わかりやすい 明確,わかりやすい,明確,1
わかりやすい 時点,わかりやすい,時点,1
わかりやすい 無音,わかりやすい,無音,1
わかりやすい 絶対,わかりやすい,絶対,1
わかりやすい 褒美,わかりやすい,褒美,1
わかりやすい 要素,わかりやすい,要素,1
わかりやすい 量,わかりやすい,量,1
アンバランス ホラー,アンバランス,ホラー,1
アンバランス ユーザー,アンバランス,ユーザー,1
アンバランス 効果音,アンバランス,効果音,1
アンバランス 少ない,アンバランス,少ない,1
アンバランス 忍び寄る,アンバランス,忍び寄る,1
アンバランス 明確,アンバランス,明確,1
アンバランス 時点,アンバランス,時点,1
アンバランス 無音,アンバランス,無音,1
アンバランス 絶対,アンバランス,絶対,1
アンバランス 褒美,アンバランス,褒美,1
アンバランス 要素,アンバランス,要素,1
アンバランス 量,アンバランス,量,1
ホラー ユーザー,ホラー,ユーザー,1
ホラー 効果音,ホラー,効果音,1
ホラー 少ない,ホラー,少ない,1
ホラー 忍び寄る,ホラー,忍び寄る,1
ホラー 明確,ホラー,明確,1
ホラー 時点,ホラー,時点,1
ホラー 無音,ホラー,無音,1
ホラー 絶対,ホラー,絶対,1
ホラー 褒美,ホラー,褒美,1
ホラー 量,ホラー,量,1
ユーザー 効果音,ユーザー,効果音,1
ユーザー 少ない,ユーザー,少ない,1
ユーザー 忍び寄る,ユーザー,忍び寄る,1
ユーザー 明確,ユーザー,明確,1
ユーザー 時点,ユーザー,時点,1
ユーザー 無音,ユーザー,無音,1
ユーザー 絶対,ユーザー,絶対,1
ユーザー 褒美,ユーザー,褒美,1
ユーザー 要素,ユーザー,要素,1
ユーザー 量,ユーザー,量,1
効果音 少ない,効果音,少ない,1
効果音 忍び寄る,効果音,忍び寄る,1
効果音 明確,効果音,明確,1
効果音 時点,効果音,時点,1
効果音 無音,効果音,無音,1
効果音 絶対,効果音,絶対,1
効果音 褒美,効果音,褒美,1
効果音 要素,効果音,要素,1
効果音 量,効果音,量,1
多く 多く,多く,多く,1
少ない 忍び寄る,少ない,忍び寄る,1
少ない 明確,少ない,明確,1
少ない 時点,少ない,時点,1
少ない 無音,少ない,無音,1
少ない 絶対,少ない,絶対,1
少ない 褒美,少ない,褒美,1
少ない 要素,少ない,要素,1
忍び寄る 明確,忍び寄る,明確,1
忍び寄る 時点,忍び寄る,時点,1
忍び寄る 無音,忍び寄る,無音,1
忍び寄る 絶対,忍び寄る,絶対,1
忍び寄る 褒美,忍び寄る,褒美,1
忍び寄る 要素,忍び寄る,要素,1
忍び寄る 量,忍び寄る,量,1
怖い 怖い,怖い,怖い,1
明確 時点,明確,時点,1
明確 無音,明確,無音,1
明確 絶対,明確,絶対,1
明確 褒美,明確,褒美,1
明確 要素,明確,要素,1
明確 量,明確,量,1
時点 無音,時点,無音,1
時点 絶対,時点,絶対,1
時点 褒美,時点,褒美,1
時点 要素,時点,要素,1
時点 量,時点,量,1
無音 絶対,無音,絶対,1
無音 褒美,無音,褒美,1
無音 要素,無音,要素,1
無音 量,無音,量,1
絶対 褒美,絶対,褒美,1
絶対 要素,絶対,要素,1
絶対 量,絶対,量,1
褒美 要素,褒美,要素,1
褒美 量,褒美,量,1
要素 量,要素,量,1
音 音,音,音,1
鳴る 鳴る,鳴る,鳴る,1
ギミック ゲーム,ギミック,ゲーム,1
ギミック ボリューム,ギミック,ボリューム,1
ギミック 多い,ギミック,多い,1
ギミック 怖い,ギミック,怖い,1
ギミック 思う,ギミック,思う,1
ギミック 程々,ギミック,程々,1
ギミック 自体,ギミック,自体,1
ギミック 良い,ギミック,良い,1
ギミック 量,ギミック,量,1
ゲーム ボリューム,ゲーム,ボリューム,1
ゲーム 程々,ゲーム,程々,1
ゲーム 良い,ゲーム,良い,1
ボリューム 多い,ボリューム,多い,1
ボリューム 怖い,ボリューム,怖い,1
ボリューム 思う,ボリューム,思う,1
ボリューム 程々,ボリューム,程々,1
ボリューム 自体,ボリューム,自体,1
ボリューム 良い,ボリューム,良い,1
ボリューム 量,ボリューム,量,1
多い 怖い,多い,怖い,1
多い 思う,多い,思う,1
多い 程々,多い,程々,1
多い 自体,多い,自体,1
多い 良い,多い,良い,1
多い 量,多い,量,1
怖い 程々,怖い,程々,1
怖い 自体,怖い,自体,1
怖い 良い,怖い,良い,1
思う 程々,思う,程々,1
思う 自体,思う,自体,1
思う 量,思う,量,1
程々 自体,程々,自体,1
程々 良い,程々,良い,1
程々 量,程々,量,1
自体 良い,自体,良い,1
自体 量,自体,量,1
良い 量,良い,量,1
papers please,papers,please,1
papers プレイフィール,papers,プレイフィール,1
papers ミス,papers,ミス,1
papers 感じる,papers,感じる,1
papers 気づく,papers,気づく,1
papers 無い,papers,無い,1
papers 近い,papers,近い,1
papers 通す,papers,通す,1
papers 違和感,papers,違和感,1
please プレイフィール,please,プレイフィール,1
please ミス,please,ミス,1
please 感じる,please,感じる,1
please 気づく,please,気づく,1
please 無い,please,無い,1
please 近い,please,近い,1
please 通す,please,通す,1
please 違和感,please,違和感,1
プレイフィール ミス,プレイフィール,ミス,1
プレイフィール 感じる,プレイフィール,感じる,1
プレイフィール 気づく,プレイフィール,気づく,1
プレイフィール 無い,プレイフィール,無い,1
プレイフィール 近い,プレイフィール,近い,1
プレイフィール 通す,プレイフィール,通す,1
ミス 気づく,ミス,気づく,1
ミス 無い,ミス,無い,1
ミス 近い,ミス,近い,1
ミス 通す,ミス,通す,1
ミス 違和感,ミス,違和感,1
感じる 気づく,感じる,気づく,1
感じる 無い,感じる,無い,1
感じる 近い,感じる,近い,1
感じる 通す,感じる,通す,1
感じる 違和感,感じる,違和感,1
気づく 無い,気づく,無い,1
気づく 近い,気づく,近い,1
気づく 通す,気づく,通す,1
気づく 違和感,気づく,違和感,1
無い 近い,無い,近い,1
無い 通す,無い,通す,1
無い 違和感,無い,違和感,1
近い 通す,近い,通す,1
近い 違和感,近い,違和感,1
通す 違和感,通す,違和感,1
おすすめ 酔う,おすすめ,酔う,1
おすすめ 確認,おすすめ,確認,1
できる 程よい,できる,程よい,1
できる 難易度,できる,難易度,1
クリア 程よい,クリア,程よい,1
クリア 苦手,クリア,苦手,1
クリア 難易度,クリア,難易度,1
程よい 苦手,程よい,苦手,1
程よい 難易度,程よい,難易度,1
苦手 難易度,苦手,難易度,1
おすすめ 攻略,おすすめ,攻略,1
ゲーム ルール,ゲーム,ルール,1
ゲーム 攻略,ゲーム,攻略,1
ルール 攻略,ルール,攻略,1
ルール 楽しめる,ルール,楽しめる,1
単純 攻略,単純,攻略,1
単純 楽しめる,単純,楽しめる,1
攻略 楽しめる,攻略,楽しめる,1
90分 おすすめ,90分,おすすめ,1
90分 終わる,90分,終わる,1
90分 面白い,90分,面白い,1
おすすめ 終わる,おすすめ,終わる,1
終わる 面白い,終わる,面白い,1
おすすめ 予習,おすすめ,予習,1
おすすめ 映画鑑賞,おすすめ,映画鑑賞,1
プレイ 予習,プレイ,予習,1
プレイ 映画鑑賞,プレイ,映画鑑賞,1
予習 映画鑑賞,予習,映画鑑賞,1
クリア ストレスフリー,クリア,ストレスフリー,1
クリア 回収,クリア,回収,1
ストレスフリー 回収,ストレスフリー,回収,1
ストレスフリー 異変,ストレスフリー,異変,1
回収 異変,回収,異変,1
おすすめ リソース,おすすめ,リソース,1
おすすめ 成立,おすすめ,成立,1
おすすめ 戦闘,おすすめ,戦闘,1
おすすめ 戻る,おすすめ,戻る,1
おすすめ 管理,おすすめ,管理,1
おすすめ 素晴らしい,おすすめ,素晴らしい,1
おすすめ 進む,おすすめ,進む,1
おすすめ 遊び,おすすめ,遊び,1
すごい できる,すごい,できる,1
すごい シンプル,すごい,シンプル,1
すごい リソース,すごい,リソース,1
すごい ルール,すごい,ルール,1
すごい 成立,すごい,成立,1
すごい 戦闘,すごい,戦闘,1
すごい 戻る,すごい,戻る,1
すごい 管理,すごい,管理,1
すごい 素晴らしい,すごい,素晴らしい,1
すごい 進む,すごい,進む,1
すごい 遊び,すごい,遊び,1
できる シンプル,できる,シンプル,1
できる リソース,できる,リソース,1
できる ルール,できる,ルール,1
できる 成立,できる,成立,1
できる 戦闘,できる,戦闘,1
できる 管理,できる,管理,1
できる 進む,できる,進む,1
できる 遊び,できる,遊び,1
シンプル リソース,シンプル,リソース,1
シンプル ルール,シンプル,ルール,1
シンプル 成立,シンプル,成立,1
シンプル 戦闘,シンプル,戦闘,1
シンプル 管理,シンプル,管理,1
シンプル 素晴らしい,シンプル,素晴らしい,1
シンプル 遊び,シンプル,遊び,1
リソース ルール,リソース,ルール,1
リソース 成立,リソース,成立,1
リソース 戦闘,リソース,戦闘,1
リソース 戻る,リソース,戻る,1
リソース 管理,リソース,管理,1
リソース 素晴らしい,リソース,素晴らしい,1
リソース 進む,リソース,進む,1
リソース 遊び,リソース,遊び,1
ルール 成立,ルール,成立,1
ルール 戦闘,ルール,戦闘,1
ルール 戻る,ルール,戻る,1
ルール 管理,ルール,管理,1
ルール 素晴らしい,ルール,素晴らしい,1
ルール 進む,ルール,進む,1
ルール 遊び,ルール,遊び,1
成立 戦闘,成立,戦闘,1
成立 戻る,成立,戻る,1
成立 管理,成立,管理,1
成立 素晴らしい,成立,素晴らしい,1
成立 進む,成立,進む,1
成立 遊び,成立,遊び,1
戦闘 戻る,戦闘,戻る,1
戦闘 管理,戦闘,管理,1
戦闘 素晴らしい,戦闘,素晴らしい,1
戦闘 進む,戦闘,進む,1
戦闘 遊び,戦闘,遊び,1
戻る 管理,戻る,管理,1
戻る 素晴らしい,戻る,素晴らしい,1
戻る 遊び,戻る,遊び,1
管理 素晴らしい,管理,素晴らしい,1
管理 進む,管理,進む,1
管理 遊び,管理,遊び,1
素晴らしい 進む,素晴らしい,進む,1
素晴らしい 遊び,素晴らしい,遊び,1
進む 遊び,進む,遊び,1
スタート 切る,スタート,切る,1
スタート 戻す,スタート,戻す,1
スタート 気持ち,スタート,気持ち,1
スタート 異変,スタート,異変,1
スタート 見逃す,スタート,見逃す,1
切る 戻す,切る,戻す,1
切る 気持ち,切る,気持ち,1
切る 異変,切る,異変,1
切る 見逃す,切る,見逃す,1
戻す 気持ち,戻す,気持ち,1
戻す 異変,戻す,異変,1
戻す 見逃す,戻す,見逃す,1
気持ち 異変,気持ち,異変,1
気持ち 見逃す,気持ち,見逃す,1
くぐり抜ける すごい,くぐり抜ける,すごい,1
くぐり抜ける 出口,くぐり抜ける,出口,1
くぐり抜ける 最後,くぐり抜ける,最後,1
くぐり抜ける 達成感,くぐり抜ける,達成感,1
すごい 出口,すごい,出口,1
すごい 最後,すごい,最後,1
すごい 達成感,すごい,達成感,1
出口 最後,出口,最後,1
出口 達成感,出口,達成感,1
最後 達成感,最後,達成感,1
おすすめ 思いつく,おすすめ,思いつく,1
おすすめ 感心,おすすめ,感心,1
ゲーム 思いつく,ゲーム,思いつく,1
ゲーム 感心,ゲーム,感心,1
思いつく 感心,思いつく,感心,1
アイディア 勝負,アイディア,勝負,1
アイディア 発,アイディア,発,1
アイディア 終わる,アイディア,終わる,1
勝負 発,勝負,発,1
勝負 終わる,勝負,終わる,1
発 終わる,発,終わる,1
おっさん グラ,おっさん,グラ,1
おっさん フォト,おっさん,フォト,1
おっさん リアル,おっさん,リアル,1
おっさん 繰り返す,おっさん,繰り返す,1
グラ フォト,グラ,フォト,1
グラ リアル,グラ,リアル,1
グラ 繰り返す,グラ,繰り返す,1
フォト 繰り返す,フォト,繰り返す,1
リアル 繰り返す,リアル,繰り返す,1
両立 怖い,両立,怖い,1
両立 笑い,両立,笑い,1
怖い 笑い,怖い,笑い,1
全部 異変,全部,異変,1
全部 種類,全部,種類,1
しまう 走り回る,しまう,走り回る,1
しまう 通路,しまう,通路,1
走り回る 通路,走り回る,通路,1
いい ゲーム,いい,ゲーム,1
いい 久々,いい,久々,1
いい 買う,いい,買う,1
ゲーム 久々,ゲーム,久々,1
ゲーム 買う,ゲーム,買う,1
久々 買う,久々,買う,1
すごい 個人的,すごい,個人的,1
すごい 楽しめる,すごい,楽しめる,1
すごい すごい,すごい,すごい,1
クオリティ グラフィック,クオリティ,グラフィック,1
クオリティ 値段,クオリティ,値段,1
クオリティ 安い,クオリティ,安い,1
クオリティ 満足度,クオリティ,満足度,1
グラフィック 値段,グラフィック,値段,1
グラフィック 安い,グラフィック,安い,1
グラフィック 満足度,グラフィック,満足度,1
値段 安い,値段,安い,1
値段 満足度,値段,満足度,1
安い 満足度,安い,満足度,1
すごい オンパレード,すごい,オンパレード,1
いく わかりにくい,いく,わかりにくい,1
いく わかりやすい,いく,わかりやすい,1
いく わかる,いく,わかる,1
いく レベル,いく,レベル,1
いく 楽しい,いく,楽しい,1
いく 注意,いく,注意,1
わかりにくい わかりやすい,わかりにくい,わかりやすい,1
わかりにくい わかる,わかりにくい,わかる,1
わかりにくい レベル,わかりにくい,レベル,1
わかりにくい 楽しい,わかりにくい,楽しい,1
わかりにくい 注意,わかりにくい,注意,1
わかりやすい わかる,わかりやすい,わかる,1
わかりやすい レベル,わかりやすい,レベル,1
わかりやすい 楽しい,わかりやすい,楽しい,1
わかりやすい 注意,わかりやすい,注意,1
わかる レベル,わかる,レベル,1
わかる 楽しい,わかる,楽しい,1
わかる 注意,わかる,注意,1
レベル 楽しい,レベル,楽しい,1
レベル 注意,レベル,注意,1
楽しい 注意,楽しい,注意,1
ホラー 少なめ,ホラー,少なめ,1
ホラー 思う,ホラー,思う,1
少なめ 思う,少なめ,思う,1
少なめ 要素,少なめ,要素,1
うれしい がんばれる,うれしい,がんばれる,1
うれしい できる,うれしい,できる,1
うれしい クリア,うれしい,クリア,1
うれしい ー,うれしい,ー,1
うれしい 思う,うれしい,思う,1
うれしい 疑心暗鬼,うれしい,疑心暗鬼,1
がんばれる できる,がんばれる,できる,1
がんばれる クリア,がんばれる,クリア,1
がんばれる ー,がんばれる,ー,1
がんばれる 思う,がんばれる,思う,1
がんばれる 疑心暗鬼,がんばれる,疑心暗鬼,1
できる ー,できる,ー,1
できる 疑心暗鬼,できる,疑心暗鬼,1
クリア ー,クリア,ー,1
クリア 疑心暗鬼,クリア,疑心暗鬼,1
ー 思う,ー,思う,1
ー 疑心暗鬼,ー,疑心暗鬼,1
思う 疑心暗鬼,思う,疑心暗鬼,1
おすすめ 出る,おすすめ,出る,1
すべて できる,すべて,できる,1
すべて 出る,すべて,出る,1
できる 出る,できる,出る,1
できる 異変,できる,異変,1
できる 見つける,できる,見つける,1
出る 異変,出る,異変,1
出る 見つける,出る,見つける,1
二宮和也 僕,二宮和也,僕,1
おすすめ 見える,おすすめ,見える,1
おすすめ ドア,おすすめ,ドア,1
ドア 良い,ドア,良い,1
ポスター 良い,ポスター,良い,1
天井 良い,天井,良い,1
おじさん 良い,おじさん,良い,1
無し 異変,無し,異変,1
おすすめ はず,おすすめ,はず,1
おすすめ 動画,おすすめ,動画,1
おすすめ 意外,おすすめ,意外,1
はず プレイ,はず,プレイ,1
はず 動画,はず,動画,1
はず 実況,はず,実況,1
はず 意外,はず,意外,1
はず 難しい,はず,難しい,1
プレイ 動画,プレイ,動画,1
プレイ 実況,プレイ,実況,1
プレイ 意外,プレイ,意外,1
プレイ 難しい,プレイ,難しい,1
動画 実況,動画,実況,1
動画 意外,動画,意外,1
動画 難しい,動画,難しい,1
実況 意外,実況,意外,1
実況 難しい,実況,難しい,1
意外 難しい,意外,難しい,1
しまう びっくり,しまう,びっくり,1
しまう ジャンプスケア,しまう,ジャンプスケア,1
しまう 良い,しまう,良い,1
しまう 集中,しまう,集中,1
びっくり ジャンプスケア,びっくり,ジャンプスケア,1
びっくり 探す,びっくり,探す,1
びっくり 良い,びっくり,良い,1
びっくり 集中,びっくり,集中,1
ジャンプスケア 探す,ジャンプスケア,探す,1
ジャンプスケア 異変,ジャンプスケア,異変,1
ジャンプスケア 良い,ジャンプスケア,良い,1
ジャンプスケア 集中,ジャンプスケア,集中,1
探す 良い,探す,良い,1
探す 集中,探す,集中,1
異変 集中,異変,集中,1
良い 集中,良い,集中,1
sns おすすめ,sns,おすすめ,1
sns ゲーム,sns,ゲーム,1
sns 話題,sns,話題,1
ゲーム 要素,ゲーム,要素,1
要素 間違い探し,要素,間違い探し,1
1時間 ゲーム,1時間,ゲーム,1
1時間 コミュニティ,1時間,コミュニティ,1
1時間 メイン,1時間,メイン,1
1時間 共有,1時間,共有,1
1時間 合間,1時間,合間,1
1時間 楽しむ,1時間,楽しむ,1
1時間 画面,1時間,画面,1
1時間 終わる,1時間,終わる,1
ゲーム コミュニティ,ゲーム,コミュニティ,1
ゲーム メイン,ゲーム,メイン,1
ゲーム 共有,ゲーム,共有,1
ゲーム 合間,ゲーム,合間,1
ゲーム 楽しむ,ゲーム,楽しむ,1
ゲーム 画面,ゲーム,画面,1
ゲーム 終わる,ゲーム,終わる,1
コミュニティ メイン,コミュニティ,メイン,1
コミュニティ 共有,コミュニティ,共有,1
コミュニティ 合間,コミュニティ,合間,1
コミュニティ 楽しむ,コミュニティ,楽しむ,1
コミュニティ 画面,コミュニティ,画面,1
コミュニティ 終わる,コミュニティ,終わる,1
メイン 共有,メイン,共有,1
メイン 合間,メイン,合間,1
メイン 楽しむ,メイン,楽しむ,1
メイン 画面,メイン,画面,1
メイン 終わる,メイン,終わる,1
共有 合間,共有,合間,1
共有 楽しむ,共有,楽しむ,1
共有 画面,共有,画面,1
共有 終わる,共有,終わる,1
合間 楽しむ,合間,楽しむ,1
合間 画面,合間,画面,1
合間 終わる,合間,終わる,1
楽しむ 画面,楽しむ,画面,1
楽しむ 終わる,楽しむ,終わる,1
画面 終わる,画面,終わる,1
低価格 満足,低価格,満足,1
おすすめ こわい,おすすめ,こわい,1
おすすめ ふくらませる,おすすめ,ふくらませる,1
おすすめ タイプ,おすすめ,タイプ,1
おすすめ 恐怖,おすすめ,恐怖,1
こわい しまう,こわい,しまう,1
こわい ふくらませる,こわい,ふくらませる,1
こわい タイプ,こわい,タイプ,1
こわい ホラー,こわい,ホラー,1
こわい 恐怖,こわい,恐怖,1
しまう ふくらませる,しまう,ふくらませる,1
しまう タイプ,しまう,タイプ,1
しまう ホラー,しまう,ホラー,1
しまう 恐怖,しまう,恐怖,1
ふくらませる タイプ,ふくらませる,タイプ,1
ふくらませる ホラー,ふくらませる,ホラー,1
ふくらませる 恐怖,ふくらませる,恐怖,1
タイプ ホラー,タイプ,ホラー,1
タイプ 恐怖,タイプ,恐怖,1
ホラー 恐怖,ホラー,恐怖,1
w お化け屋敷,w,お化け屋敷,1
3d酔い しやすい,3d酔い,しやすい,1
3d酔い 注意,3d酔い,注意,1
しやすい 注意,しやすい,注意,1
おすすめ 天才,おすすめ,天才,1
おすすめ 考える,おすすめ,考える,1
ゲーム 天才,ゲーム,天才,1
ゲーム 考える,ゲーム,考える,1
天才 考える,天才,考える,1
一言 尽きる,一言,尽きる,1
くださる 検査,くださる,検査,1
くださる 病院,くださる,病院,1
くださる 行く,くださる,行く,1
検査 病院,検査,病院,1
検査 行く,検査,行く,1
病院 行く,病院,行く,1
おすすめ オススメ,おすすめ,オススメ,1
おすすめ ホラーゲーム,おすすめ,ホラーゲーム,1
おすすめ 完璧,おすすめ,完璧,1
おすすめ 絶対,おすすめ,絶対,1
オススメ ホラーゲーム,オススメ,ホラーゲーム,1
オススメ 完璧,オススメ,完璧,1
ホラーゲーム 個人的,ホラーゲーム,個人的,1
ホラーゲーム 絶対,ホラーゲーム,絶対,1
個人的 完璧,個人的,完璧,1
完璧 絶対,完璧,絶対,1
お伝え さき,お伝え,さき,1
ゲーム 手放し,ゲーム,手放し,1
ゲーム 絶賛,ゲーム,絶賛,1
手放し 絶賛,手放し,絶賛,1
オススメ レビュー,オススメ,レビュー,1
オススメ 結論,オススメ,結論,1
レビュー 個人的,レビュー,個人的,1
レビュー 結論,レビュー,結論,1
個人的 結論,個人的,結論,1
プレイヤー ホラー,プレイヤー,ホラー,1
プレイヤー 体験,プレイヤー,体験,1
プレイヤー 至高,プレイヤー,至高,1
ホラー 体験,ホラー,体験,1
ホラー 尊重,ホラー,尊重,1
ホラー 至高,ホラー,至高,1
体験 尊重,体験,尊重,1
体験 至高,体験,至高,1
尊重 至高,尊重,至高,1
ゲーム ジャンル,ゲーム,ジャンル,1
ゲーム 吹き込む,ゲーム,吹き込む,1
ゲーム 新風,ゲーム,新風,1
ジャンル ホラー,ジャンル,ホラー,1
ジャンル 吹き込む,ジャンル,吹き込む,1
ジャンル 新風,ジャンル,新風,1
ホラー 吹き込む,ホラー,吹き込む,1
ホラー 新風,ホラー,新風,1
i i,i,i,1
プレイヤー 引き返す,プレイヤー,引き返す,1
プレイヤー 強制的,プレイヤー,強制的,1
プレイヤー 従来,プレイヤー,従来,1
プレイヤー 恐怖,プレイヤー,恐怖,1
プレイヤー 本作,プレイヤー,本作,1
プレイヤー 決めつける,プレイヤー,決めつける,1
プレイヤー 背ける,プレイヤー,背ける,1
プレイヤー 許容,プレイヤー,許容,1
プレイヤー 進む,プレイヤー,進む,1
ホラーゲーム 引き返す,ホラーゲーム,引き返す,1
ホラーゲーム 強制的,ホラーゲーム,強制的,1
ホラーゲーム 従来,ホラーゲーム,従来,1
ホラーゲーム 恐怖,ホラーゲーム,恐怖,1
ホラーゲーム 本作,ホラーゲーム,本作,1
ホラーゲーム 決めつける,ホラーゲーム,決めつける,1
ホラーゲーム 背ける,ホラーゲーム,背ける,1
ホラーゲーム 許容,ホラーゲーム,許容,1
ホラーゲーム 進む,ホラーゲーム,進む,1
引き返す 強制的,引き返す,強制的,1
引き返す 従来,引き返す,従来,1
引き返す 恐怖,引き返す,恐怖,1
引き返す 本作,引き返す,本作,1
引き返す 決めつける,引き返す,決めつける,1
引き返す 背ける,引き返す,背ける,1
引き返す 許容,引き返す,許容,1
強制的 従来,強制的,従来,1
強制的 恐怖,強制的,恐怖,1
強制的 本作,強制的,本作,1
強制的 決めつける,強制的,決めつける,1
強制的 背ける,強制的,背ける,1
強制的 許容,強制的,許容,1
強制的 進む,強制的,進む,1
従来 恐怖,従来,恐怖,1
従来 本作,従来,本作,1
従来 決めつける,従来,決めつける,1
従来 背ける,従来,背ける,1
従来 許容,従来,許容,1
従来 進む,従来,進む,1
恐怖 本作,恐怖,本作,1
恐怖 決めつける,恐怖,決めつける,1
恐怖 背ける,恐怖,背ける,1
恐怖 許容,恐怖,許容,1
恐怖 進む,恐怖,進む,1
本作 決めつける,本作,決めつける,1
本作 背ける,本作,背ける,1
本作 許容,本作,許容,1
本作 進む,本作,進む,1
決めつける 背ける,決めつける,背ける,1
決めつける 許容,決めつける,許容,1
決めつける 進む,決めつける,進む,1
背ける 許容,背ける,許容,1
背ける 進む,背ける,進む,1
許容 進む,許容,進む,1
くれる システム,くれる,システム,1
くれる プレイヤー,くれる,プレイヤー,1
くれる ホラーゲーム,くれる,ホラーゲーム,1
くれる 尊重,くれる,尊重,1
くれる 新しい,くれる,新しい,1
くれる 示す,くれる,示す,1
くれる 選択,くれる,選択,1
システム プレイヤー,システム,プレイヤー,1
システム ホラーゲーム,システム,ホラーゲーム,1
システム 尊重,システム,尊重,1
システム 新しい,システム,新しい,1
システム 示す,システム,示す,1
システム 選択,システム,選択,1
プレイヤー 新しい,プレイヤー,新しい,1
プレイヤー 示す,プレイヤー,示す,1
プレイヤー 選択,プレイヤー,選択,1
ホラーゲーム 尊重,ホラーゲーム,尊重,1
ホラーゲーム 新しい,ホラーゲーム,新しい,1
ホラーゲーム 示す,ホラーゲーム,示す,1
ホラーゲーム 選択,ホラーゲーム,選択,1
尊重 新しい,尊重,新しい,1
尊重 示す,尊重,示す,1
尊重 選択,尊重,選択,1
新しい 示す,新しい,示す,1
新しい 選択,新しい,選択,1
示す 選択,示す,選択,1
ゲーム性 ホラーゲーム,ゲーム性,ホラーゲーム,1
ゲーム性 吹き込む,ゲーム性,吹き込む,1
ゲーム性 新風,ゲーム性,新風,1
ホラーゲーム 吹き込む,ホラーゲーム,吹き込む,1
ホラーゲーム 新風,ホラーゲーム,新風,1
ホラーゲーム 程度,ホラーゲーム,程度,1
吹き込む 程度,吹き込む,程度,1
新風 程度,新風,程度,1
ジャンル 新しい,ジャンル,新しい,1
ジャンル 過言,ジャンル,過言,1
新しい 過言,新しい,過言,1
8番 8番,8番,8番,1
ゲーム ヒット,ゲーム,ヒット,1
ゲーム 出口,ゲーム,出口,1
ゲーム 多数,ゲーム,多数,1
ゲーム 生み出す,ゲーム,生み出す,1
ゲーム 証明,ゲーム,証明,1
ヒット 出口,ヒット,出口,1
ヒット 多数,ヒット,多数,1
ヒット 生み出す,ヒット,生み出す,1
ヒット 証明,ヒット,証明,1
ライク ライク,ライク,ライク,1
出口 多数,出口,多数,1
出口 生み出す,出口,生み出す,1
出口 証明,出口,証明,1
多数 生み出す,多数,生み出す,1
多数 証明,多数,証明,1
生み出す 証明,生み出す,証明,1
させる パターン,させる,パターン,1
させる プレイ,させる,プレイ,1
させる 何度,させる,何度,1
させる 異変,させる,異変,1
させる 種類,させる,種類,1
させる 肝,させる,肝,1
させる 豊富,させる,豊富,1
させる 非常,させる,非常,1
させる 飽きる,させる,飽きる,1
パターン プレイ,パターン,プレイ,1
パターン 何度,パターン,何度,1
パターン 異変,パターン,異変,1
パターン 種類,パターン,種類,1
パターン 肝,パターン,肝,1
パターン 豊富,パターン,豊富,1
パターン 非常,パターン,非常,1
パターン 飽きる,パターン,飽きる,1
プレイ 何度,プレイ,何度,1
プレイ 種類,プレイ,種類,1
プレイ 肝,プレイ,肝,1
プレイ 豊富,プレイ,豊富,1
プレイ 飽きる,プレイ,飽きる,1
何度 異変,何度,異変,1
何度 種類,何度,種類,1
何度 肝,何度,肝,1
何度 豊富,何度,豊富,1
何度 非常,何度,非常,1
何度 飽きる,何度,飽きる,1
異変 肝,異変,肝,1
異変 飽きる,異変,飽きる,1
種類 肝,種類,肝,1
種類 豊富,種類,豊富,1
種類 非常,種類,非常,1
種類 飽きる,種類,飽きる,1
肝 豊富,肝,豊富,1
肝 非常,肝,非常,1
肝 飽きる,肝,飽きる,1
豊富 非常,豊富,非常,1
豊富 飽きる,豊富,飽きる,1
非常 飽きる,非常,飽きる,1
センス プレイヤー,センス,プレイヤー,1
センス 些細な,センス,些細な,1
センス 凍る,センス,凍る,1
センス 出来事,センス,出来事,1
センス 判断,センス,判断,1
センス 好奇心,センス,好奇心,1
センス 巧み,センス,巧み,1
センス 揺さぶる,センス,揺さぶる,1
センス 数々,センス,数々,1
センス 演出,センス,演出,1
センス 熱意,センス,熱意,1
センス 背筋,センス,背筋,1
センス 製作,センス,製作,1
センス 賜物,センス,賜物,1
センス 違和感,センス,違和感,1
プレイヤー 些細な,プレイヤー,些細な,1
プレイヤー 凍る,プレイヤー,凍る,1
プレイヤー 出来事,プレイヤー,出来事,1
プレイヤー 判断,プレイヤー,判断,1
プレイヤー 好奇心,プレイヤー,好奇心,1
プレイヤー 巧み,プレイヤー,巧み,1
プレイヤー 揺さぶる,プレイヤー,揺さぶる,1
プレイヤー 数々,プレイヤー,数々,1
プレイヤー 熱意,プレイヤー,熱意,1
プレイヤー 背筋,プレイヤー,背筋,1
プレイヤー 製作,プレイヤー,製作,1
プレイヤー 賜物,プレイヤー,賜物,1
プレイヤー 違和感,プレイヤー,違和感,1
些細な 凍る,些細な,凍る,1
些細な 出来事,些細な,出来事,1
些細な 判断,些細な,判断,1
些細な 好奇心,些細な,好奇心,1
些細な 巧み,些細な,巧み,1
些細な 揺さぶる,些細な,揺さぶる,1
些細な 数々,些細な,数々,1
些細な 演出,些細な,演出,1
些細な 熱意,些細な,熱意,1
些細な 背筋,些細な,背筋,1
些細な 製作,些細な,製作,1
些細な 賜物,些細な,賜物,1
些細な 違和感,些細な,違和感,1
凍る 出来事,凍る,出来事,1
凍る 判断,凍る,判断,1
凍る 好奇心,凍る,好奇心,1
凍る 巧み,凍る,巧み,1
凍る 揺さぶる,凍る,揺さぶる,1
凍る 数々,凍る,数々,1
凍る 演出,凍る,演出,1
凍る 熱意,凍る,熱意,1
凍る 背筋,凍る,背筋,1
凍る 製作,凍る,製作,1
凍る 賜物,凍る,賜物,1
凍る 違和感,凍る,違和感,1
出来事 判断,出来事,判断,1
出来事 好奇心,出来事,好奇心,1
出来事 巧み,出来事,巧み,1
出来事 揺さぶる,出来事,揺さぶる,1
出来事 数々,出来事,数々,1
出来事 演出,出来事,演出,1
出来事 熱意,出来事,熱意,1
出来事 背筋,出来事,背筋,1
出来事 製作,出来事,製作,1
出来事 賜物,出来事,賜物,1
出来事 違和感,出来事,違和感,1
判断 好奇心,判断,好奇心,1
判断 巧み,判断,巧み,1
判断 揺さぶる,判断,揺さぶる,1
判断 数々,判断,数々,1
判断 演出,判断,演出,1
判断 熱意,判断,熱意,1
判断 背筋,判断,背筋,1
判断 製作,判断,製作,1
判断 賜物,判断,賜物,1
判断 違和感,判断,違和感,1
好奇心 巧み,好奇心,巧み,1
好奇心 揺さぶる,好奇心,揺さぶる,1
好奇心 数々,好奇心,数々,1
好奇心 演出,好奇心,演出,1
好奇心 熱意,好奇心,熱意,1
好奇心 背筋,好奇心,背筋,1
好奇心 製作,好奇心,製作,1
好奇心 賜物,好奇心,賜物,1
好奇心 違和感,好奇心,違和感,1
巧み 揺さぶる,巧み,揺さぶる,1
巧み 数々,巧み,数々,1
巧み 演出,巧み,演出,1
巧み 熱意,巧み,熱意,1
巧み 背筋,巧み,背筋,1
巧み 製作,巧み,製作,1
巧み 賜物,巧み,賜物,1
巧み 違和感,巧み,違和感,1
揺さぶる 数々,揺さぶる,数々,1
揺さぶる 演出,揺さぶる,演出,1
揺さぶる 熱意,揺さぶる,熱意,1
揺さぶる 背筋,揺さぶる,背筋,1
揺さぶる 製作,揺さぶる,製作,1
揺さぶる 賜物,揺さぶる,賜物,1
揺さぶる 違和感,揺さぶる,違和感,1
数々 演出,数々,演出,1
数々 熱意,数々,熱意,1
数々 背筋,数々,背筋,1
数々 製作,数々,製作,1
数々 賜物,数々,賜物,1
数々 違和感,数々,違和感,1
演出 熱意,演出,熱意,1
演出 背筋,演出,背筋,1
演出 製作,演出,製作,1
演出 賜物,演出,賜物,1
演出 違和感,演出,違和感,1
熱意 背筋,熱意,背筋,1
熱意 製作,熱意,製作,1
熱意 賜物,熱意,賜物,1
熱意 違和感,熱意,違和感,1
背筋 製作,背筋,製作,1
背筋 賜物,背筋,賜物,1
背筋 違和感,背筋,違和感,1
製作 賜物,製作,賜物,1
製作 違和感,製作,違和感,1
賜物 違和感,賜物,違和感,1
pc ゲーム,pc,ゲーム,1
pc 稀有,pc,稀有,1
ゲーム 優しい,ゲーム,優しい,1
ゲーム 財布,ゲーム,財布,1
優しい 稀有,優しい,稀有,1
稀有 財布,稀有,財布,1
pc 内容,pc,内容,1
pc 少ない,pc,少ない,1
pc 本作,pc,本作,1
pc 特筆,pc,特筆,1
pc 素晴らしい,pc,素晴らしい,1
pc 負担,pc,負担,1
pc 軽快,pc,軽快,1
内容 動作,内容,動作,1
内容 少ない,内容,少ない,1
内容 本作,内容,本作,1
内容 特筆,内容,特筆,1
内容 素晴らしい,内容,素晴らしい,1
内容 負担,内容,負担,1
内容 軽快,内容,軽快,1
動作 少ない,動作,少ない,1
動作 本作,動作,本作,1
動作 特筆,動作,特筆,1
動作 素晴らしい,動作,素晴らしい,1
動作 負担,動作,負担,1
動作 軽快,動作,軽快,1
少ない 本作,少ない,本作,1
少ない 特筆,少ない,特筆,1
少ない 素晴らしい,少ない,素晴らしい,1
少ない 負担,少ない,負担,1
少ない 軽快,少ない,軽快,1
本作 特筆,本作,特筆,1
本作 素晴らしい,本作,素晴らしい,1
本作 負担,本作,負担,1
本作 軽快,本作,軽快,1
特筆 素晴らしい,特筆,素晴らしい,1
特筆 負担,特筆,負担,1
特筆 軽快,特筆,軽快,1
素晴らしい 負担,素晴らしい,負担,1
素晴らしい 軽快,素晴らしい,軽快,1
負担 軽快,負担,軽快,1
pc スムーズ,pc,スムーズ,1
pc ハイエンド,pc,ハイエンド,1
pc 価格,pc,価格,1
pc 手頃,pc,手頃,1
pc 提供,pc,提供,1
pc 最新,pc,最新,1
スムーズ ハイエンド,スムーズ,ハイエンド,1
スムーズ 価格,スムーズ,価格,1
スムーズ 優しい,スムーズ,優しい,1
スムーズ 動作,スムーズ,動作,1
スムーズ 手頃,スムーズ,手頃,1
スムーズ 提供,スムーズ,提供,1
スムーズ 最新,スムーズ,最新,1
スムーズ 財布,スムーズ,財布,1
ハイエンド 価格,ハイエンド,価格,1
ハイエンド 優しい,ハイエンド,優しい,1
ハイエンド 動作,ハイエンド,動作,1
ハイエンド 手頃,ハイエンド,手頃,1
ハイエンド 提供,ハイエンド,提供,1
ハイエンド 最新,ハイエンド,最新,1
ハイエンド 財布,ハイエンド,財布,1
価格 優しい,価格,優しい,1
価格 動作,価格,動作,1
価格 手頃,価格,手頃,1
価格 提供,価格,提供,1
価格 最新,価格,最新,1
価格 財布,価格,財布,1
優しい 動作,優しい,動作,1
優しい 手頃,優しい,手頃,1
優しい 提供,優しい,提供,1
優しい 最新,優しい,最新,1
動作 手頃,動作,手頃,1
動作 提供,動作,提供,1
動作 最新,動作,最新,1
動作 財布,動作,財布,1
手頃 提供,手頃,提供,1
手頃 最新,手頃,最新,1
手頃 財布,手頃,財布,1
提供 最新,提供,最新,1
提供 財布,提供,財布,1
最新 財布,最新,財布,1
メッセージ 体験,メッセージ,体験,1
メッセージ 届ける,メッセージ,届ける,1
メッセージ 素晴らしい,メッセージ,素晴らしい,1
メッセージ 聞こえる,メッセージ,聞こえる,1
メッセージ 開発者,メッセージ,開発者,1
体験 届ける,体験,届ける,1
体験 素晴らしい,体験,素晴らしい,1
体験 聞こえる,体験,聞こえる,1
届ける 素晴らしい,届ける,素晴らしい,1
届ける 聞こえる,届ける,聞こえる,1
届ける 開発者,届ける,開発者,1
素晴らしい 聞こえる,素晴らしい,聞こえる,1
素晴らしい 開発者,素晴らしい,開発者,1
聞こえる 開発者,聞こえる,開発者,1
できる スペック,できる,スペック,1
できる 値段,できる,値段,1
できる 手頃,できる,手頃,1
スペック プレイ,スペック,プレイ,1
スペック 値段,スペック,値段,1
スペック 手頃,スペック,手頃,1
スペック 気軽,スペック,気軽,1
プレイ 値段,プレイ,値段,1
プレイ 手頃,プレイ,手頃,1
値段 手頃,値段,手頃,1
値段 気軽,値段,気軽,1
手頃 気軽,手頃,気軽,1
これだけ ゲーム,これだけ,ゲーム,1
これだけ コストパフォーマンス,これだけ,コストパフォーマンス,1
これだけ 両立,これだけ,両立,1
これだけ 内容,これだけ,内容,1
これだけ 存在,これだけ,存在,1
これだけ 稀有,これだけ,稀有,1
ゲーム コストパフォーマンス,ゲーム,コストパフォーマンス,1
ゲーム 両立,ゲーム,両立,1
ゲーム 存在,ゲーム,存在,1
コストパフォーマンス 両立,コストパフォーマンス,両立,1
コストパフォーマンス 内容,コストパフォーマンス,内容,1
コストパフォーマンス 存在,コストパフォーマンス,存在,1
コストパフォーマンス 稀有,コストパフォーマンス,稀有,1
両立 内容,両立,内容,1
両立 存在,両立,存在,1
両立 稀有,両立,稀有,1
内容 存在,内容,存在,1
内容 稀有,内容,稀有,1
存在 稀有,存在,稀有,1
hr hr,hr,hr,1
steam おすすめ,steam,おすすめ,1
steam ユーザー,steam,ユーザー,1
steam 手放し,steam,手放し,1
おすすめ ユーザー,おすすめ,ユーザー,1
おすすめ 手放し,おすすめ,手放し,1
ユーザー 手放し,ユーザー,手放し,1
できる 絶対,できる,絶対,1
できる 致命,できる,致命,1
できる 許容,できる,許容,1
問題 絶対,問題,絶対,1
問題 致命,問題,致命,1
問題 許容,問題,許容,1
絶対 致命,絶対,致命,1
絶対 許容,絶対,許容,1
致命 許容,致命,許容,1
オススメ 断言,オススメ,断言,1
オススメ 理由,オススメ,理由,1
ゲーム 断言,ゲーム,断言,1
断言 理由,断言,理由,1
断言 絶対,断言,絶対,1
理由 絶対,理由,絶対,1
主演 俳優,主演,俳優,1
主演 実写映画,主演,実写映画,1
主演 本作,主演,本作,1
主演 選ぶ,主演,選ぶ,1
俳優 実写映画,俳優,実写映画,1
俳優 本作,俳優,本作,1
俳優 選ぶ,俳優,選ぶ,1
実写映画 本作,実写映画,本作,1
実写映画 選ぶ,実写映画,選ぶ,1
本作 選ぶ,本作,選ぶ,1
俳優 個人的嫌悪,俳優,個人的嫌悪,1
俳優 加害,俳優,加害,1
俳優 対象外,俳優,対象外,1
俳優 所属,俳優,所属,1
俳優 社会的,俳優,社会的,1
俳優 組織,俳優,組織,1
俳優 見過ごせる,俳優,見過ごせる,1
俳優 議論,俳優,議論,1
俳優 起こす,俳優,起こす,1
個人的嫌悪 加害,個人的嫌悪,加害,1
個人的嫌悪 対象外,個人的嫌悪,対象外,1
個人的嫌悪 所属,個人的嫌悪,所属,1
個人的嫌悪 社会的,個人的嫌悪,社会的,1
個人的嫌悪 組織,個人的嫌悪,組織,1
個人的嫌悪 見過ごせる,個人的嫌悪,見過ごせる,1
個人的嫌悪 議論,個人的嫌悪,議論,1
個人的嫌悪 起こす,個人的嫌悪,起こす,1
加害 対象外,加害,対象外,1
加害 所属,加害,所属,1
加害 社会的,加害,社会的,1
加害 組織,加害,組織,1
加害 見過ごせる,加害,見過ごせる,1
加害 議論,加害,議論,1
加害 起こす,加害,起こす,1
問題 問題,問題,問題,1
対象外 所属,対象外,所属,1
対象外 社会的,対象外,社会的,1
対象外 組織,対象外,組織,1
対象外 見過ごせる,対象外,見過ごせる,1
対象外 議論,対象外,議論,1
対象外 起こす,対象外,起こす,1
所属 社会的,所属,社会的,1
所属 組織,所属,組織,1
所属 見過ごせる,所属,見過ごせる,1
所属 議論,所属,議論,1
所属 起こす,所属,起こす,1
社会的 組織,社会的,組織,1
社会的 見過ごせる,社会的,見過ごせる,1
社会的 議論,社会的,議論,1
社会的 起こす,社会的,起こす,1
組織 見過ごせる,組織,見過ごせる,1
組織 議論,組織,議論,1
組織 起こす,組織,起こす,1
見過ごせる 議論,見過ごせる,議論,1
見過ごせる 起こす,見過ごせる,起こす,1
議論 起こす,議論,起こす,1
俳優 容認,俳優,容認,1
俳優 思える,俳優,思える,1
俳優 起用,俳優,起用,1
俳優 開発会社,俳優,開発会社,1
問題 思える,問題,思える,1
問題 起用,問題,起用,1
容認 思える,容認,思える,1
容認 起用,容認,起用,1
思える 起用,思える,起用,1
思える 開発会社,思える,開発会社,1
起用 開発会社,起用,開発会社,1
アップデート 映画化,アップデート,映画化,1
アップデート 行う,アップデート,行う,1
アップデート 記念,アップデート,記念,1
映画化 異変,映画化,異変,1
映画化 行う,映画化,行う,1
映画化 記念,映画化,記念,1
映画化 追加,映画化,追加,1
異変 行う,異変,行う,1
行う 記念,行う,記念,1
行う 追加,行う,追加,1
加害 十分,加害,十分,1
加害 容認,加害,容認,1
加害 理解,加害,理解,1
加害 行為,加害,行為,1
加害 開発会社,加害,開発会社,1
十分 問題,十分,問題,1
十分 容認,十分,容認,1
十分 理解,十分,理解,1
十分 行為,十分,行為,1
十分 開発会社,十分,開発会社,1
問題 理解,問題,理解,1
問題 行為,問題,行為,1
容認 理解,容認,理解,1
容認 行為,容認,行為,1
理解 行為,理解,行為,1
理解 開発会社,理解,開発会社,1
行為 開発会社,行為,開発会社,1
容認 断定,容認,断定,1
くださる 個人の感想,くださる,個人の感想,1
くださる 思う,くださる,思う,1
くださる 理解,くださる,理解,1
くださる 発言,くださる,発言,1
個人の感想 思う,個人の感想,思う,1
個人の感想 理解,個人の感想,理解,1
個人の感想 発言,個人の感想,発言,1
思う 理解,思う,理解,1
思う 発言,思う,発言,1
理解 発言,理解,発言,1
ゲーム 俳優,ゲーム,俳優,1
ゲーム 描写,ゲーム,描写,1
ゲーム 明確,ゲーム,明確,1
ゲーム 演じる,ゲーム,演じる,1
プレイヤー 俳優,プレイヤー,俳優,1
プレイヤー 問題,プレイヤー,問題,1
プレイヤー 描写,プレイヤー,描写,1
プレイヤー 明確,プレイヤー,明確,1
プレイヤー 演じる,プレイヤー,演じる,1
俳優 描写,俳優,描写,1
俳優 明確,俳優,明確,1
俳優 演じる,俳優,演じる,1
問題 描写,問題,描写,1
問題 明確,問題,明確,1
問題 演じる,問題,演じる,1
描写 明確,描写,明確,1
描写 演じる,描写,演じる,1
明確 演じる,明確,演じる,1
なす ゲーム,なす,ゲーム,1
なす プレイヤー,なす,プレイヤー,1
なす 世界観,なす,世界観,1
なす 含める,なす,含める,1
なす 映り,なす,映り,1
なす 演出,なす,演出,1
なす 表現,なす,表現,1
なす 込み,なす,込み,1
ゲーム 世界観,ゲーム,世界観,1
ゲーム 含める,ゲーム,含める,1
ゲーム 映り,ゲーム,映り,1
ゲーム 演出,ゲーム,演出,1
ゲーム 表現,ゲーム,表現,1
ゲーム 込み,ゲーム,込み,1
プレイヤー 世界観,プレイヤー,世界観,1
プレイヤー 含める,プレイヤー,含める,1
プレイヤー 映り,プレイヤー,映り,1
プレイヤー 表現,プレイヤー,表現,1
プレイヤー 込み,プレイヤー,込み,1
世界観 含める,世界観,含める,1
世界観 映り,世界観,映り,1
世界観 演出,世界観,演出,1
世界観 表現,世界観,表現,1
世界観 込み,世界観,込み,1
含める 映り,含める,映り,1
含める 演出,含める,演出,1
含める 表現,含める,表現,1
含める 込み,含める,込み,1
映り 演出,映り,演出,1
映り 表現,映り,表現,1
映り 込み,映り,込み,1
演出 表現,演出,表現,1
演出 込み,演出,込み,1
表現 込み,表現,込み,1
しまう プレイヤー,しまう,プレイヤー,1
しまう プレイヤーキャラクター,しまう,プレイヤーキャラクター,1
しまう 存在,しまう,存在,1
しまう 形成,しまう,形成,1
しまう 映画化,しまう,映画化,1
しまう 登場,しまう,登場,1
しまう 露骨,しまう,露骨,1
プレイヤー プレイヤーキャラクター,プレイヤー,プレイヤーキャラクター,1
プレイヤー 存在,プレイヤー,存在,1
プレイヤー 形成,プレイヤー,形成,1
プレイヤー 映画化,プレイヤー,映画化,1
プレイヤー 登場,プレイヤー,登場,1
プレイヤー 露骨,プレイヤー,露骨,1
プレイヤーキャラクター 存在,プレイヤーキャラクター,存在,1
プレイヤーキャラクター 形成,プレイヤーキャラクター,形成,1
プレイヤーキャラクター 映画化,プレイヤーキャラクター,映画化,1
プレイヤーキャラクター 登場,プレイヤーキャラクター,登場,1
プレイヤーキャラクター 露骨,プレイヤーキャラクター,露骨,1
存在 形成,存在,形成,1
存在 映画化,存在,映画化,1
存在 登場,存在,登場,1
存在 露骨,存在,露骨,1
形成 映画化,形成,映画化,1
形成 登場,形成,登場,1
形成 露骨,形成,露骨,1
映画化 登場,映画化,登場,1
映画化 露骨,映画化,露骨,1
登場 露骨,登場,露骨,1
今度 明確,今度,明確,1
今度 映る,今度,映る,1
今度 込む,今度,込む,1
今度 違和感,今度,違和感,1
今度 顕現,今度,顕現,1
明確 映る,明確,映る,1
明確 込む,明確,込む,1
明確 違和感,明確,違和感,1
明確 顕現,明確,顕現,1
映る 込む,映る,込む,1
映る 違和感,映る,違和感,1
映る 顕現,映る,顕現,1
込む 違和感,込む,違和感,1
込む 顕現,込む,顕現,1
違和感 顕現,違和感,顕現,1
プレイフィール 大きい,プレイフィール,大きい,1
プレイフィール 情報公開,プレイフィール,情報公開,1
プレイフィール 損ねる,プレイフィール,損ねる,1
大きい 情報公開,大きい,情報公開,1
大きい 損ねる,大きい,損ねる,1
大きい 違和感,大きい,違和感,1
情報公開 損ねる,情報公開,損ねる,1
情報公開 違和感,情報公開,違和感,1
損ねる 違和感,損ねる,違和感,1
アップデート プレイ,アップデート,プレイ,1
アップデート 起きる,アップデート,起きる,1
プレイ 起きる,プレイ,起きる,1
プレイ 追加,プレイ,追加,1
異変 起きる,異変,起きる,1
起きる 追加,起きる,追加,1
h1 ゲーム,h1,ゲーム,1
h1 素晴らしい,h1,素晴らしい,1
h1 総評,h1,総評,1
ゲーム 素晴らしい,ゲーム,素晴らしい,1
ゲーム 総評,ゲーム,総評,1
素晴らしい 総評,素晴らしい,総評,1
b 完璧,b,完璧,1
i 完璧,i,完璧,1
b できる,b,できる,1
b 作品,b,作品,1
b 気軽,b,気軽,1
i できる,i,できる,1
i プレイ,i,プレイ,1
i 作品,i,作品,1
i 気軽,i,気軽,1
i 素晴らしい,i,素晴らしい,1
できる 作品,できる,作品,1
プレイ 素晴らしい,プレイ,素晴らしい,1
作品 気軽,作品,気軽,1
作品 素晴らしい,作品,素晴らしい,1
気軽 素晴らしい,気軽,素晴らしい,1
できる 姿勢,できる,姿勢,1
できる 容認,できる,容認,1
できる 社会,できる,社会,1
できる 開発会社,できる,開発会社,1
問題 姿勢,問題,姿勢,1
姿勢 容認,姿勢,容認,1
姿勢 社会,姿勢,社会,1
姿勢 開発会社,姿勢,開発会社,1
容認 社会,容認,社会,1
社会 開発会社,社会,開発会社,1
できる ゲーム内容,できる,ゲーム内容,1
できる 倫理,できる,倫理,1
できる 優れる,できる,優れる,1
できる 勧める,できる,勧める,1
できる 観点,できる,観点,1
できる 購入,できる,購入,1
ゲーム ゲーム内容,ゲーム,ゲーム内容,1
ゲーム 倫理,ゲーム,倫理,1
ゲーム 優れる,ゲーム,優れる,1
ゲーム 観点,ゲーム,観点,1
ゲーム 購入,ゲーム,購入,1
ゲーム内容 倫理,ゲーム内容,倫理,1
ゲーム内容 優れる,ゲーム内容,優れる,1
ゲーム内容 勧める,ゲーム内容,勧める,1
ゲーム内容 観点,ゲーム内容,観点,1
ゲーム内容 購入,ゲーム内容,購入,1
倫理 優れる,倫理,優れる,1
倫理 勧める,倫理,勧める,1
倫理 観点,倫理,観点,1
倫理 購入,倫理,購入,1
優れる 勧める,優れる,勧める,1
優れる 観点,優れる,観点,1
優れる 購入,優れる,購入,1
勧める 観点,勧める,観点,1
勧める 購入,勧める,購入,1
観点 購入,観点,購入,1
ゲーム 主張,ゲーム,主張,1
ゲーム 理解,ゲーム,理解,1
主張 映画,主張,映画,1
主張 理解,主張,理解,1
批判 批判,批判,批判,1
映画 理解,映画,理解,1
ゲーム 加味,ゲーム,加味,1
ゲーム 売れ行き,ゲーム,売れ行き,1
ゲーム 強い,ゲーム,強い,1
ゲーム 無責任,ゲーム,無責任,1
ゲーム 社会,ゲーム,社会,1
ゲーム 社会的,ゲーム,社会的,1
ゲーム 非難,ゲーム,非難,1
加味 問題,加味,問題,1
加味 売れ行き,加味,売れ行き,1
加味 実写映画化,加味,実写映画化,1
加味 強い,加味,強い,1
加味 無責任,加味,無責任,1
加味 社会,加味,社会,1
加味 社会的,加味,社会的,1
加味 非難,加味,非難,1
問題 売れ行き,問題,売れ行き,1
問題 実写映画化,問題,実写映画化,1
問題 強い,問題,強い,1
問題 無責任,問題,無責任,1
問題 非難,問題,非難,1
売れ行き 実写映画化,売れ行き,実写映画化,1
売れ行き 強い,売れ行き,強い,1
売れ行き 無責任,売れ行き,無責任,1
売れ行き 社会,売れ行き,社会,1
売れ行き 社会的,売れ行き,社会的,1
売れ行き 非難,売れ行き,非難,1
実写映画化 強い,実写映画化,強い,1
実写映画化 無責任,実写映画化,無責任,1
実写映画化 社会,実写映画化,社会,1
実写映画化 社会的,実写映画化,社会的,1
実写映画化 非難,実写映画化,非難,1
強い 無責任,強い,無責任,1
強い 社会,強い,社会,1
強い 社会的,強い,社会的,1
強い 非難,強い,非難,1
無責任 社会,無責任,社会,1
無責任 社会的,無責任,社会的,1
無責任 非難,無責任,非難,1
社会 社会的,社会,社会的,1
社会 非難,社会,非難,1
社会的 非難,社会的,非難,1
b 不信感,b,不信感,1
b 世,b,世,1
b 持つ,b,持つ,1
b 生まれる,b,生まれる,1
b 送り出す,b,送り出す,1
b 過程,b,過程,1
b 魅力,b,魅力,1
ゲーム 不信感,ゲーム,不信感,1
ゲーム 世,ゲーム,世,1
ゲーム 持つ,ゲーム,持つ,1
ゲーム 生まれる,ゲーム,生まれる,1
ゲーム 送り出す,ゲーム,送り出す,1
ゲーム 過程,ゲーム,過程,1
ゲーム 魅力,ゲーム,魅力,1
不信感 世,不信感,世,1
不信感 持つ,不信感,持つ,1
不信感 生まれる,不信感,生まれる,1
不信感 送り出す,不信感,送り出す,1
不信感 過程,不信感,過程,1
不信感 魅力,不信感,魅力,1
世 持つ,世,持つ,1
世 生まれる,世,生まれる,1
世 送り出す,世,送り出す,1
世 過程,世,過程,1
世 魅力,世,魅力,1
持つ 生まれる,持つ,生まれる,1
持つ 送り出す,持つ,送り出す,1
持つ 過程,持つ,過程,1
持つ 魅力,持つ,魅力,1
生まれる 送り出す,生まれる,送り出す,1
生まれる 過程,生まれる,過程,1
生まれる 魅力,生まれる,魅力,1
送り出す 過程,送り出す,過程,1
送り出す 魅力,送り出す,魅力,1
過程 魅力,過程,魅力,1
ゲーム レビュー,ゲーム,レビュー,1
ゲーム 感情,ゲーム,感情,1
ゲーム 抱く,ゲーム,抱く,1
ゲーム 示す,ゲーム,示す,1
レビュー 作品,レビュー,作品,1
レビュー 感情,レビュー,感情,1
レビュー 抱く,レビュー,抱く,1
レビュー 極端,レビュー,極端,1
レビュー 示す,レビュー,示す,1
作品 感情,作品,感情,1
作品 抱く,作品,抱く,1
作品 極端,作品,極端,1
作品 示す,作品,示す,1
感情 抱く,感情,抱く,1
感情 極端,感情,極端,1
感情 示す,感情,示す,1
抱く 極端,抱く,極端,1
抱く 示す,抱く,示す,1
極端 示す,極端,示す,1
b 絶対,b,絶対,1
u オススメ,u,オススメ,1
u ゲーム,u,ゲーム,1
u 個人的,u,個人的,1
u 絶対,u,絶対,1
ゲーム 個人的,ゲーム,個人的,1
おすすめ めちゃくちゃ,おすすめ,めちゃくちゃ,1
おすすめ ネタバレ,おすすめ,ネタバレ,1
おすすめ 踏む,おすすめ,踏む,1
ちゃう めちゃくちゃ,ちゃう,めちゃくちゃ,1
ちゃう クリア,ちゃう,クリア,1
ちゃう ネタバレ,ちゃう,ネタバレ,1
ちゃう 楽しめる,ちゃう,楽しめる,1
ちゃう 踏む,ちゃう,踏む,1
めちゃくちゃ クリア,めちゃくちゃ,クリア,1
めちゃくちゃ ネタバレ,めちゃくちゃ,ネタバレ,1
めちゃくちゃ 楽しめる,めちゃくちゃ,楽しめる,1
めちゃくちゃ 踏む,めちゃくちゃ,踏む,1
クリア ネタバレ,クリア,ネタバレ,1
クリア 楽しめる,クリア,楽しめる,1
クリア 踏む,クリア,踏む,1
ネタバレ 楽しめる,ネタバレ,楽しめる,1
ネタバレ 踏む,ネタバレ,踏む,1
楽しめる 踏む,楽しめる,踏む,1
びっくり やり直し,びっくり,やり直し,1
びっくり ゲーム,びっくり,ゲーム,1
びっくり スリル,びっくり,スリル,1
びっくり ミスる,びっくり,ミスる,1
びっくり 単純,びっくり,単純,1
びっくり 面白い,びっくり,面白い,1
やり直し ゲーム,やり直し,ゲーム,1
やり直し スリル,やり直し,スリル,1
やり直し ミスる,やり直し,ミスる,1
やり直し 単純,やり直し,単純,1
やり直し 異変,やり直し,異変,1
やり直し 面白い,やり直し,面白い,1
ゲーム スリル,ゲーム,スリル,1
ゲーム ミスる,ゲーム,ミスる,1
スリル ミスる,スリル,ミスる,1
スリル 単純,スリル,単純,1
スリル 異変,スリル,異変,1
スリル 面白い,スリル,面白い,1
ミスる 単純,ミスる,単純,1
ミスる 異変,ミスる,異変,1
ミスる 面白い,ミスる,面白い,1
単純 面白い,単純,面白い,1
29分 おすすめ,29分,おすすめ,1
29分 できる,29分,できる,1
29分 クリア,29分,クリア,1
思う 残り,思う,残り,1
思う 頑張る,思う,頑張る,1
残り 異変,残り,異変,1
残り 頑張る,残り,頑張る,1
ありがとう 面白い,ありがとう,面白い,1
おすすめ 原作,おすすめ,原作,1
おすすめ 遊ぶ,おすすめ,遊ぶ,1
原作 遊ぶ,原作,遊ぶ,1
1時間 余裕,1時間,余裕,1
1時間 再現度,1時間,再現度,1
1時間 思う,1時間,思う,1
1時間 挑む,1時間,挑む,1
1時間 挫折,1時間,挫折,1
1時間 映画,1時間,映画,1
1時間 異変,1時間,異変,1
1時間 聞く,1時間,聞く,1
1時間 高い,1時間,高い,1
クリア 余裕,クリア,余裕,1
クリア 再現度,クリア,再現度,1
クリア 挑む,クリア,挑む,1
クリア 挫折,クリア,挫折,1
クリア 聞く,クリア,聞く,1
クリア 高い,クリア,高い,1
余裕 再現度,余裕,再現度,1
余裕 思う,余裕,思う,1
余裕 挑む,余裕,挑む,1
余裕 挫折,余裕,挫折,1
余裕 映画,余裕,映画,1
余裕 異変,余裕,異変,1
余裕 聞く,余裕,聞く,1
余裕 高い,余裕,高い,1
再現度 思う,再現度,思う,1
再現度 挑む,再現度,挑む,1
再現度 挫折,再現度,挫折,1
再現度 映画,再現度,映画,1
再現度 異変,再現度,異変,1
再現度 聞く,再現度,聞く,1
再現度 高い,再現度,高い,1
思う 挑む,思う,挑む,1
思う 挫折,思う,挫折,1
思う 聞く,思う,聞く,1
挑む 挫折,挑む,挫折,1
挑む 映画,挑む,映画,1
挑む 異変,挑む,異変,1
挑む 聞く,挑む,聞く,1
挑む 高い,挑む,高い,1
挫折 映画,挫折,映画,1
挫折 異変,挫折,異変,1
挫折 聞く,挫折,聞く,1
挫折 高い,挫折,高い,1
映画 聞く,映画,聞く,1
映画 高い,映画,高い,1
異変 聞く,異変,聞く,1
異変 高い,異変,高い,1
聞く 高い,聞く,高い,1
二宮 体験,二宮,体験,1
二宮 異変,二宮,異変,1
体験 異変,体験,異変,1
h1 できる,h1,できる,1
h1 よい,h1,よい,1
h1 クリア,h1,クリア,1
h1 映画,h1,映画,1
h1 観る,h1,観る,1
おすすめ 観る,おすすめ,観る,1
できる よい,できる,よい,1
できる 観る,できる,観る,1
よい クリア,よい,クリア,1
よい 映画,よい,映画,1
よい 観る,よい,観る,1
クリア 観る,クリア,観る,1
映画 観る,映画,観る,1
なりやすい プレイ,なりやすい,プレイ,1
なりやすい 無い,なりやすい,無い,1
なりやすい 異変,なりやすい,異変,1
なりやすい 疑心暗鬼,なりやすい,疑心暗鬼,1
プレイ 無い,プレイ,無い,1
無い 疑心暗鬼,無い,疑心暗鬼,1
勘 台パン,勘,台パン,1
勘 外す,勘,外す,1
勘 成功,勘,成功,1
勘 突き進む,勘,突き進む,1
勘 脳汁,勘,脳汁,1
台パン 外す,台パン,外す,1
台パン 成功,台パン,成功,1
台パン 突き進む,台パン,突き進む,1
台パン 脳汁,台パン,脳汁,1
外す 成功,外す,成功,1
外す 突き進む,外す,突き進む,1
外す 脳汁,外す,脳汁,1
成功 突き進む,成功,突き進む,1
成功 脳汁,成功,脳汁,1
突き進む 脳汁,突き進む,脳汁,1