番号,判定,総プレイ時間(時間),レビュー本文,AI感情判定(Ollama),具体的な要因,要因の分類,AIによる分析理由
1,おすすめしない,4,"ストアの早期アクセス欄に書いてある最後のアップデートの時期を見れば分かると思うが、開発はおそらく放棄されています。
これでは詐欺と言われても仕方がない。買うな。",negative,アップデート停止,ボリューム・価格,開発の放棄によりゲームが完成しない可能性があるため。
2,おすすめしない,45,絶対に買ってはいけない。開発元は開発を続けると言っていますがすでに1年半以上放置状態でアップデートの動きもなく今後のアップデートは一切望めません。,negative,アップデート不足,ボリューム・価格,開発元がゲームを放置しているため、ボリューム不足と捉えられている。
3,おすすめ,214,おもしろい,positive,おもしろい,その他,「おもしろい」と表現しているため。
4,おすすめ,104,"大変素晴らしいゲームです。
軌道力学の知識をほぼ有さない状態でも宇宙開発のロマンを存分に味わうことができて、かつグラフィックやBGMも魅力的といえます。
依然バグを多く残して開発が止まってしまったことが非常に残念ですが、今からでも遊んでみる価値は十分あると思います。",positive,宇宙開発のロマン,その他,宇宙開発のロマンを存分に味わえる内容であるため。
5,おすすめしない,7,"悲しみしかない
勘違いして購入する人を防ぐ為のネガティブレビュー",negative,勘違い,外部要因・映画化,ゲームの内容を誤解している人が購入しないようにするため、ネガティブなレビューを書いているため。
6,おすすめ,7,もともとKSP買ってたんで軽い気持ちでダウンロードしたんですけど、一日４時間くらいやるくらいはまっちゃいました。飛行機関連でレシプロを除けば何でも作れる自由度が最高です。バグは多いし求められるスペックも高いですが、CPU：CoreUltra5 225H RAM：16GB　GPU：IntelArc130Tもあれば十分遊べます。ただセールの時に買わないとめっちゃ高いんで気をつけた方がいいと思います。,positive,自由度,ゲームシステム,飛行機関連でレシプロを除けば何でも作れる自由度の高さから、一日４時間くらいやるくらいはまっちゃいました。そのため。
7,おすすめしない,7,"このゲームはTake-Two Interactive（Private Division）により運営されていました。
その開発スタジオであるIntercept Gameは閉鎖。販売レーベルのPrivate Divisionは売却と、既に活動を終了しています。
そのため今後のアップデートは望めず、早期アクセスが解除されることは無いでしょう。
もしあるとすれば開発スタジオやレーベルを購入した第3者が……。しかし2025年時点ではありません。
またゲーム開始時におけるプライバシーポリシーは、過剰なまでの情報収集を目的としており、またそれは個人に紐付けられるものになっています。（個人に紐付けられない情報収集では無い）

もしこのゲームに興味があるのなら、旧タイトルであるKerbal Space Programをプレイすることをおすすめします。https://store.steampowered.com/app/220200/Kerbal_Space_Program/",negative,開発スタジオ閉鎖,外部要因・映画化,開発スタジオの閉鎖によりアップデートが望めず、早期アクセス解除もされないためである。
8,おすすめしない,6,"絶対に買うな
後悔する2時間以上遊ぶと返金できない
旧版を買え
このゲームは駄作だ",negative,ボリューム不足,ボリューム・価格,「2時間以上遊ぶ」という記述から、ボリュームが不足していると感じているため。
9,おすすめしない,39,開発者が夜逃げしたゲー無なので購入してはいけない。,negative,開発者の夜逃げ,外部要因・映画化,開発者に関するネガティブな情報が明記されているため。
10,おすすめ,34,[,positive,恐怖演出,演出・グラフィック,ゲーム内の描写や音声が非常に怖く、精神を揺さぶる体験ができたため。
11,おすすめしない,11,"明らかな詐欺です
今後もアップデートは期待できないでしょうし、１００円で投げ売りされていても買う価値がありません",negative,詐欺,その他,ゲームの内容が詐欺だと表現しているため。
12,おすすめしない,106,"前作はPCの性能不足で出来ませんでした。
しかし面白そうだったのでPCを新調したらやりたいと思ってました。
そしてPCを新調した直後2が（アーリーアクセスとはいえ）すぐに発売！当然ですが私は飛びつきました。
色々おかしい挙動がいくつかありましたが当時出来る範囲でやれることをやり製品版を2年待ってました。
出来ればきっと面白いだろうなぁ…と。
久しぶりにやろうと思いゲームをプレイしたら殆ど当時と変わらず。
なんかおかしいと思いレビューを見たら圧倒的不評。なんだこれは。
調べたらどうやら開発チームが解散したらしくゲームの完成は事実上永遠にないと知りました。
残念です。
アーリーアクセスは完成するであろうゲームをバグ付きだが早めに安く買えるという特典だと思っていましたが
どうやらこの認識は改めなければいけないようです。
せめて未完なら未完で安く売っているのならおススメできるのですが…",negative,開発チーム解散,外部要因・映画化,開発チームが解散したため、ゲームの完成は事実上永遠にないと知ったためです。
13,おすすめしない,0,"正直期待外れ。
ちゃんとした銀河と言えるレベルの宇宙を期待していたら、微妙。
新しい追加パーツが多いわけでもなく、これなら
KSP1でReal ExoplanetsとかNearFuture系のModとか入れたほうが楽しい。
あとめちゃくちゃゲームが重い。
トラッキングステーションとレビュー見て辞めた
1とは比較にならないほど重い",negative,ボリューム不足,ボリューム・価格,KSP1のModの方が楽しいと述べているため。
14,おすすめ,42,"楽しいです。
このゲームは、KSPの新しいバージョンです。",positive,KSPの新しいバージョン,その他,「KSPの新しいバージョン」と述べているため。
15,おすすめしない,179,"アプデでもっと面白くなると思いきや…

発売当初に購入したものです。
端的に面白いところ、ゴミなところからいきます。

面白いところ
・自分好みに宇宙ロケット、飛行機、車などが作れる
・物理演算ゲーなのでうまく飛ばすために工夫が必要で完璧を求めると１，２時間簡単に飛ぶぐらい楽しめる
・乗り物を複数世界に配置、操作できる
・一つのクリエイト物に複数乗り物をつけることができ、切り離したり、操作できる（ロケットにロケットをつけたり飛行機に小さい飛行機をつけたりなど）
・なぜ飛ばないのか、なぜ速度が出ないのか、自分で考え改善し、きれいに動いたときの満足感

ゴミなところ
・アプデの更新の可能性が絶望
・頻繁におこる読み込み中のエラーによるゲーム落ち
・機体を読み込みをしたら、謎の部品がついてきたり、同じ機体が重なっている場合がある
・SFチックな宇宙船、飛行機などは基本宇宙に飛ばしても舵がとれない
・飛行中の各部装置の操作のしずらさ
・操縦視点がない（視点の位置をずらせばできなくもないが期待している操縦者視点にはならない）
・かっこいい飛行機が作れたと思ったら飛行中、上下にぶれまくって速度が出ず、概観美を損う（なにかしら物理演算とかみ合わないため）
・燃料を無限モードにしているのに、宇宙での倍速モードが燃料が不足するためできませんと言われ中断される
・倍速モードから通常速度に戻せなくなるバグ

自分はこのマイナスな部分があまり気にせず楽しめたので（あきらめ）できましたが、
おすすめできるかと言われると、できませんね。
とくにゲーム落ちやバグ関係が多く、機体で遊ぶ程度の人ならまだしも本格的にゲームをやる方などには大きなストレスになります。

バグやゲーム落ちは私のパソコンの性能や相性の可能性もありますが、なることを一応覚悟して購入してください。
ちなみに１も持っていますが確実に１のほうがクオリティがたかいのでそちらを購入したほうがいいです。",negative,バグ,ゲームシステム,頻繁におこる読み込み中のエラーによるゲーム落ちや、機体を読み込んだ際に謎の部品がついてきたり、同じ機体が重なっている場合があるなどのバグが多いため。
16,おすすめしない,66,"グラフィックがいいっていうよりただ解像度が高いだけ。
固体燃料ロケットの噴煙とかRCSの噴射エフェクトとかなんか変。そういうところは1のほうが頑張ってた。
当初予定していたロードマップの半分もできていないのに開発が頓挫して製品版のリリースは絶望的。
未完成品をフルプライスで売ったのにね。
返金しないのかな。

派手な蛍光塗料付きの見えてる地雷です。わざわざ踏みに行かないでね。
持ってないなら1がおすすめ。グラフィックは前時代的だけど面白いよ。",negative,未完成品,ボリューム・価格,製品版のリリースが絶望的で、当初予定ロードマップの半分もできていないのにフルプライスで売られているため。
17,おすすめしない,17,開発中止されたゲームなので、購入するなら前作がオススメです。,negative,開発中止,外部要因・映画化,開発中止という事実が購入を推奨しない理由となっているため。
18,おすすめしない,22,"事実上の売り逃げです。
絶対に購入しないでください。",negative,売り逃げ,外部要因・映画化,「絶対に購入しないでください」という強い警告から、ゲームそのものに対するネガティブな評価であると判断したため。
19,おすすめ,212,,neutral,データなし,その他,レビュー本文が空です。
20,おすすめしない,3,"買わない方がいいよ。

開発元がほぼ解散状態でいつアーリーアクセスかわからないこれ買うより、完成している初代買って遊んだほうがマシ。",negative,アーリーアクセス,ボリューム・価格,開発元が解散状態でありアーリーアクセスの期間が不明なため、完成度が低い可能性が高いと指摘している。
21,おすすめ,229,,neutral,データなし,その他,レビュー本文が空です。
22,おすすめしない,89,"ストレスが溜まる操作感
もうちょっとどうにかしてほしいですね
面白くわないです",negative,操作感,ゲームシステム,ストレスが溜まる操作感が面白くないと感じているため。
23,おすすめ,779,"みんな批判気味だけど僕は結構好き。このゲームは要素が多いから多分酷評している人達はゲーム初めて数時間だと思う。150時間もやればなんとなくわかってくるはず。グラフィックがとてもきれいで気に入ってる。
　ただ、唯一の懸念点はゲームの処理が重い点。RTX3060をいまだに使ってるけど、fpsがめっちゃ低い。パーツが多いと特に。墜落時は一番ひどい。
　このゲームを始める人は始めは熱無視、燃料と電力の無限設定のクリエイティブモードがおすすめ。ぶっちゃけ何でも作れる。",positive,要素の多さ,その他,ゲームに多くの要素があり、時間をかけてプレイすることで理解できるためである。
24,おすすめしない,26,"ゲームシステムや方向性はかなり良いのですが、開発が完全に沈黙（閉鎖）しており未完成のままです。
IPを別会社が購入したとの話も出ていますが、今のところ再開のお知らせ等何も出ていないので不透明です。
それでいてフルプライスでいまだに販売を続けているところも見ると、圧倒的不評であることも頷けます。
とにかく、今は買わないほうが吉です。",negative,開発の沈黙,外部要因・映画化,開発が完全に沈黙しており未完成のまま販売を続けているため、ユーザーからの不満が大きい。
25,おすすめしない,8,"機体の組み立ては出来るが発射台もしくは滑走路に移動するとゲームがクラッシュして遊べない
修正パッチすら出さず7000円近い値段で売り続けてる行為には正気を疑う

２の作成が発表された時から楽しみにして待っていただけにとても残念",negative,修正パッチ,ボリューム・価格,高額な値段で販売されているにもかかわらず、ゲームのクラッシュ問題を解決するパッチがリリースされていないため。
26,おすすめしない,0,開発終了したゴミ,negative,開発終了,外部要因・映画化,ゲームが開発終了しているという事実がネガティブな感情を引き起こしているため。
27,おすすめしない,2,"2024年11月の時点で開発元は閉鎖、パブリッシャーは親会社であるTake-Twoから他社に権利と共に売却されました。
KSP2がどうなるか(他社で開発継続or開発中止)は現時点では不明です。
現時点ではとてもおすすめ出来るものではないです。
KSP1の方を持ってないならそちらを買うことをお勧めいたします。",negative,開発元閉鎖,外部要因・映画化,開発元の閉鎖と権利売却により、今後のゲームの継続性が見えないため。
28,おすすめしない,24,開発スタジオが閉鎖されました、返金して欲しいです。,negative,返金希望,外部要因・映画化,開発スタジオの閉鎖により返金を求めているため。
29,おすすめしない,6,"グラフィックに力を入れすぎてめちゃくちゃ重くてまともにゲームができない
軽量パックに期待する",negative,グラフィック,演出・グラフィック,グラフィックの重さがゲームプレイを阻害しているため。
30,おすすめしない,58,ロケットのようにゲーム開発も空中分解することを7000円払って学べました。,negative,ボリューム不足,ボリューム・価格,7000円でボリュームが不足していることを皮肉った表現であるため。
31,おすすめしない,21,いやー、KSP1には本当にお世話になりました！で、次のKSP2なんですけど、ビジュアルもヤバいし、恒星間航行とか夢が広がるじゃないですか。でもアップデートが全然進まなくて、不完全なままなんですよね。アーリーアクセスだから仕方ないけど、開発もゴタゴタしてるみたいで、まだ時間がかかりそうかなーって思ってます。,negative,アップデート不足,ボリューム・価格,アーリーアクセスであるにも関わらず、アップデートが進んでおらず不完全な状態であるため。
32,おすすめしない,10,これを買うくらいならお菓子を食べたりファミレスとかでお腹を満たしたほうが幸せだよ・・・２時間以上遊んじゃだめだよ、自分みたいに返金できないから・・・,negative,ボリューム不足,ボリューム・価格,ゲーム時間が短く、その分のお金を無駄にしたと感じているため。
33,おすすめ,40,"値段にコンテンツの量が見合ってるかと言われれば微妙なんですがプレイして楽しかったのでおすすめを付けさせていただきます

[spoiler] お気持ち表明のレビューが大量に投稿されていますがSteamの「早期アクセスゲーム」の項にあるように「この早期アクセスゲームは不完全であり、これから変わることも、変わらないこともありえます。」これに尽きます。
アーリーアクセス中のゲームが開発中止になるなどということは何ら不思議なことではありません。不完全なゲームを購入することはお布施、お賽銭をするようなものでなにかを大きく期待することは的外れでありましょう。たかが7、８千円のゲームです。この値段で夢を見れたことを考えれば値段以上の価値はあるのではないでしょうか。 [/spoiler]",positive,プレイして楽しかった,その他,レビュー者はゲームをプレイして楽しんだため、おすすめと評価している。
34,おすすめしない,47,悲しみ,negative,ボリューム不足,ボリューム・価格,短いゲーム内容に不満を述べているため。
35,おすすめしない,10,"私のこの評価はKSPおよび本作に関わってきたゲーム開発者たちに向けたものではない。素晴らしい業績を残したKSPのIPを買収した挙句、その未来を背負ったIntercept Gamesを潰したパブリッシャーの親会社であるTake-Two Interactiveに対してである。

これまで開発者たちが費やしてきた時間や努力や情熱、そして私を含むユーザーたちのこれまでのアーリーアクセスに対する投資や本作に抱いていた希望や期待はどうなるのだ？

本作はただのゲームではない。KSPは宇宙開発に携わる一部エンジニアにも評価されており、NASAやESAとのコラボ実現、一部海外の教育機関でロケット工学や物理学の教材(STEM教育)にも採用されるなど、あらゆるユーザーを巻き込んで宇宙開発の楽しさや難しさ、宇宙探索の素晴らしさなどを教えてくれる可能性を多く秘めていたのだ。

その続編をゴミ屑にしないでもらいたい。",negative,パブリッシャーの行動,外部要因・映画化,開発者やユーザーへの配慮が欠如しているパブリッシャーの行動を批判しているため。
36,おすすめしない,31,このゲームが復活してくれれば良いな,neutral,復活希望,その他,ゲームに対する感想ではなく、復活を願っているため。
37,おすすめしない,4,"母体の開発チームがほぼ解散状態。
バグも多く最適化もされてない状態で更新が望めない状態。

絶対買うなー！",negative,バグ,ゲームシステム,バグが多く、最適化もされていないため、ゲームプレイに支障がある。
38,おすすめしない,41,始めた当初は、グラフィックや新しいパーツなどに楽しめましたが、やっていくうちにバグの多さにストレスが溜まりまともにプレイすることはできません。買うのはやめといたほうがいい！,negative,バグ,ゲームシステム,バグの多さによりプレイに支障があるため。
39,おすすめしない,15,"2024/07/26現在公式フォーラムも不安定で今後の情報も無し開発は全く期待できません。
PV詐欺と呼ぶにふさわしい詐欺ゲームです。
購入した方は返金もされず騙されたと言い切っても良いと思います。
絶対に購入してはいけません。
どうしても遊んでみたい方は前作にMODを入れて遊んだほうが圧倒的に楽しいです。",negative,PV詐欺,外部要因・映画化,開発の不安定さや情報不足、そして公式PVとゲーム内容のギャップから、購入者に裏切られたと感じているため。
40,おすすめしない,0,クソッタレのマイクロソフトのせいでこのゲームの未来は絶たれた。不完全なゴミを買いたいもの好きなら買えばいいが、それ以外は完成された初代KSPにしておけ。,negative,不完全なゴミ,ボリューム・価格,ゲームの完成度を「不完全なゴミ」と表現し、購入を推奨していないため。
41,おすすめしない,1,未完成のまま開発終了するのがほぼ確定したので絶対買わないように,negative,開発終了,外部要因・映画化,開発が中止される可能性が高いという情報から、購入を控える意向を示しているため。
42,おすすめしない,66,"開発元閉鎖したらしい。
アーリーにしては値段高いとは思ってたけど、まさか売り逃げするつもりだったとはね。",negative,売り逃げ,外部要因・映画化,開発元が閉鎖し、早期アクセス価格で高額販売していたことを「売り逃げ」と批判しているため。
43,おすすめしない,4,開発元がつぶされたってマジ？？？,negative,開発元潰れた,外部要因・映画化,開発元の破綻を嘆いているため。
44,おすすめしない,3,能力がないし金も返たくないならオープンソースしてよこのクソ会社,negative,クソ会社,外部要因・映画化,ゲームに対する不満ではなく、開発会社の評価がネガティブであるため。
45,おすすめしない,2,現状バグが多くアーリーアクセスとはいえほとんど遊べない状態です。しかも開発が解散してしまい今後アプデは行われず、このゲームは放棄される可能性が高いので買ってはなりません。どうしても遊びたいならKSP1を買いましょう。,negative,バグ,ゲームシステム,多くのバグにより遊べない状態であるため。
46,おすすめしない,47,"KSP1からプレイしています。ほかの方も言っていますが、このKSP2、アーリーアクセスとはいえとにかくバグが多い。
そして検証する以前に開発中止になってしまいました。現状では買うのは待って様子見するかKSP1を購入した方が良い作品でしょう。多くの反応があったからか、何らかの形で開発は続けると声明が出ていましたが、果たしてどこまで信頼できるやら...",negative,バグが多い,ゲームシステム,レビューではKSP2のバグの多さが問題視されているため。
47,おすすめしない,25,"2024/05/09
バグが酷くて現状普通に遊ぶことすら不可能なレベルです
システムやグラフィックはいいので改善を待ちたいところです

開発中止の危機にあるとかでバグ修正や当初予定内容の実装もなしになりそうでとてもオススメできない状態になりました",negative,バグ,ゲームシステム,バグが酷すぎて遊べないため。
48,おすすめしない,5,"次のパッチで最後かな？
さようならKSP2、さようならIntercept Games
夢は大きかったね",negative,開発元,外部要因・映画化,開発元の Intercept Games に対する失望感が強い。 
49,おすすめしない,7,"今買うのはやめておきましょう
ゲームの開発が放棄される可能性が高いですし、modが豊富なKSP1のほうが遊べます",negative,開発放棄,外部要因・映画化,開発が放棄される可能性が高いという懸念からネガティブな感情を抱いているため。
50,おすすめしない,6,"開発している会社（Intercept Games）が潰（さ）れたようです
大本Take-Two Interactiveは開発は何かしらで継続すると言われていますが
この様子では期待できるのかどうか・・・

当初、結構待つことは想定していましたが、開発が進まない可能性もかなりあるので
今買うことは100％お勧めできません",negative,開発の進捗,外部要因・映画化,開発会社の潰滅と開発継続の可能性が不透明なため、購入をお勧めできないという意見である。
51,おすすめしない,60,"良い点
・グラフィックが美麗
・起動はKSP1より速いように思う
・操作はKSP1に比べれば多少わかりやすい
駄目な点
・ロケット建造中は視点が一点の高さで固定されるため、視点の上下移動が出来ない
・ΔVの計算(評価)が不可解
・ドッキングモードが非常に分かりづらい上に、ドッキングモードなのかどうかすらわからない
・前触れもメッセージもなく、突然終了する
・KSP1に引き続いて、パーツが振動しやすい

総評
・プレイヤーが精神的苦痛を強いられる傾向にあるのは、良くない
・販売開始から1年経っても安定性に問題を抱えているので、KSP1を未プレイであるユーザーが新規購入するのはお勧めしない",negative,精神的苦痛,その他,レビューではゲームの安定性問題や操作性の難しさからプレイヤーに精神的な苦痛を与える傾向があると指摘しているため。
52,おすすめしない,2,少なくとも現時点ではKSP1の方が良いゲームだ。,negative,KSP1,外部要因・映画化,他のゲームと比較して劣っていると述べているため。
53,おすすめ,17,人工衛星の軌道が、近日点などが表示されず、変だったが、おおむね楽しめた。,neutral,軌道表示,ゲームシステム,軌道表示の不具合があったため。
54,おすすめ,29,"拡張性が高く比較的能褒野美と遊べる作品です。
直感的に操作できるためとても楽しく遊べます。
これからまだまだアップデートがあるそうなので今後にも期待できます。",positive,直感的な操作,ゲームシステム,直感的に操作できるためとても楽しく遊べるという記述から。
55,おすすめ,24,"サイエンスモードが追加されてひたすら飛ばすのですが、ムンへ行く時のマニューバが正しく作動しなかったり、フリーズしたりしておりますが、ひたすら緑たちを宇宙へ飛ばしてます。
だって緑たちは飛びたくてしかたがなさそうだったので、早いかなぁと思いつつもＥＡ版で購入決定。
マニューバがうまく作動しなかったり、ムンへ到着でむずかったり、いろいろですよ。
お布施だと思って購入しました。今のところサイエンスモードであそんでいますが、バグだらけだけども、緑たちの空への想いを乗せて、ぶっ放しております。マニューバが作動しなかったら、ムンへの着陸むずいですね…どーしましょ。うまく飛べたら嬉しいものですよ。",positive,サイエンスモード,ゲームシステム,バグだらけでも、サイエンスモードで緑たちを宇宙へ飛ばす楽しさを味わえているため。
56,おすすめしない,22,"サイエンスが追加されたようなので購入してみましたが
マップでのカメラ操作が劣悪、時間停止した際にマニューバが操作できないなどまだ買わない方が良いです。",negative,マップ操作,ゲームシステム,マップでのカメラ操作や時間停止時の操作性が劣悪であるため。
57,おすすめ,0,開けません,negative,開けません,その他,ゲームが起動しないためです。
58,おすすめ,16,fun!,positive,fun,その他,「fun」という表現から、ゲームを楽しくプレイできたことを示唆しているため。
59,おすすめ,56,For Scienceアップデート前はバグが多く機能が少なかったですが、For Scienceアップデート後には大幅に機能が追加されて、バグも少なくなった気がします。ですがまだ機能はそこまで多くないと思うので今後のアップデートに期待です。,positive,アップデート,その他,アップデートによりゲームが改善されたと述べているため。
60,おすすめ,73,"先日2023年12月20日のアップデートでサイエンスモードがついに実装されて各惑星に出向く意義が生まれた。
普通に探索する以外でもミッション形式で衛星の打ち上げや指定された場所のポイントの探索を行って報酬としてサイエンスポイントを貰えるから、旧キャリアモードも含んでいる感じ。
ヤバいバグもだいぶ減ったからやっと遊べるようになった。(まだ結構バグの頻度は高いけど)
ついでに断熱圧縮も実装されたぞ！緑くんにポカポカしてもらおう！

2024年追記
開発会社が爆発四散しました
R.I.P.",positive,サイエンスモードの実装,ゲームシステム,アップデートで追加されたサイエンスモードにより、探索以外のやり込み要素が生まれたため。
61,おすすめしない,21,"このゲームは開発途中の早期アクセスタイトルですが開発しているチームも人員もどこかへ行ってしまったようです。
データベース上の開発者用リポジトリも更新が止まっており誰も何もしていない可能性が高いです。
前作を上回っているのはグラフィックと翼の設置自由度だけです。トレイラーやロードマップ、製品説明にあるような期待の新要素が実装されることはありませんでした。
なお開発チームが親会社から解雇されSNSやアップデートの動きが完全にストップした段階でもまだ販売が継続されています。

結論として今買うのは極めてリスクが高いと言えます。
このタイトルは完成しない可能性が圧倒的に高く、一部情報筋によれば少なくともマルチプレイの実装は既に不可能になっているともあります。
アルファ版程度の出来でもいいからとにかくやってみたい、起動さえしなくたって構わないんだというくらいの強い思いを持った方以外は絶対に購入してはいけません。
そんな人は既に購入してしまっているでしょうけども。",negative,期待の新要素の未実装,外部要因・映画化,開発チームが解散し、ロードマップに記載されていた新要素は実装されなかったため。
62,おすすめ,37,"KSP1は約100時間、KSP2は数時間遊んだ程度の感想とはなりますが

いい点
・グラも音もかなり進化していて描画の細さも上がっておりKSP1のチープさがかなり緩和されている
・ショートカットキー等がそのままなのはかなり良いと思います
・機体パーツモーフィングも加わって機体の自由度がかなり上がってる

悪い点
・VABのデザインも改善されたが、アイコンが大きくパーツジャンルが頭に入ってないのもあって少し使いにくい
・数時間程度遊んだだけでも複数個遭遇したバグはあるのでゲームとして純粋にゲームを楽しみたい人にはちょっとオススメしにくいかも

総評
KSPの改善点を的確に捉えた正当進化続編
ただ、バグも多くゲームファン向けというよりKSPファン向けの範囲はまだ完全には抜けてない印象。
ただアーリーアクセスなのを踏まえるとこの先のアップデートで改善も大いに期待できるかなと思います。",neutral,バグ,ゲームシステム,レビューではバグの発生頻度が挙げられており、純粋にゲームを楽しみたい人にはオススメしにくいと述べられているため。
63,おすすめしない,46,"悪いことは言わない、宇宙開発がしたいならこれじゃなくてKSP1を買え。
あっちのほうがmodとかが多いからいろいろできる。
例えば、ライフサポートmodをいれて難易度を上げたり、BDamoryというmodをいれて自作の戦闘機を飛ばして戦ったり、惑星を追加することさえできる。
KSP2はグラフィック以外KSP1の劣化版だ。
さらにグラフィックを改善するmodがKSP1にあるからKSP2の良いところはない。
絶対に買うな。",negative,KSP1との比較,その他,KSP1の方がMODの豊富さやカスタマイズ性があり、KSP2は劣化版だと述べているため。
64,おすすめ,17,アップデート待ち,negative,アップデート待ち,ボリューム・価格,アップデートを待っている状態であるため、現状ではゲーム内容に満足していないと推測できる。
65,おすすめ,22,"発売を心待ちにしている間、様々なトレイラーが公開されていましたが、どれも開発者がべらべらと喋るかムービーばかりでプレイ映像などがほぼ無いので、嫌な予感はしていました。お布施として購入しましたが、発売からしばらくたった今なおやる気が起きないですね。
もっとアップデートの頻度を上げられないだろうか。

_____________________________________

追記：サイエンスモード追加後

サイエンスモードが追加されたのでプレイしてみました。
無印KSPと比べるとUIがごちゃっとしていたり戸惑う部分もありましたが、やっと少しは遊べる内容になったと感じています。
サイエンスツリーは無印と比べて、Mun往還前後が目標となる低階層からドッキングポート開放が解放され、序盤から出来ることが増えていて個人的に好印象です。
ロケット組み立て時の⊿VやTWR等のステータスを、行き先に合わせて各ステージ毎に確認できるようになっているのも便利です。
まだまだコンテンツが足りない部分もありますが、劣化KSPではなくKSP""2""の色が見え始めたので評価をGoodに変更しました。",positive,サイエンスモード追加,ゲームシステム,サイエンスモードの追加により、プレイできる内容が増えたため。
66,おすすめしない,35,"グラフィックだけ良くなってKSP1の初期に逆戻りした感じ。
開発中止にならないことを祈っています。",negative,グラフィック,演出・グラフィック,グラフィックだけが良くなった点を指摘し、KSP1初期と比較してネガティブな印象を持っているため。
67,おすすめ,95,"最新のパッチで[b]「ドッキング相手が消滅するバグ」[/b]が誕生しました
作ってた宇宙ステーション返して (ꐦ`•ω•´)",negative,バグ,ゲームシステム,ドッキング相手が消滅するバグが発生したため。
68,おすすめしない,43,"絶対に今買わないで！！！！！！！
アップデートの頻度が遅すぎてキレました！！！！！！！
アーリーアクセスだから仕方ないと言ったらそれまでですが！それにしては高すぎる！！！！
これよりも高いとしたら製品版は一体いくらになるんでしょう？？？
現時点での妥当な値段は2000円ほどだと思います、無印の下位互換となっているので大人しく後5年ぐらいは初代で遊びましょう",negative,アップデートの頻度,ボリューム・価格,アップデートの頻度の遅さと高すぎる値段を指摘しているため。
69,おすすめしない,3,"結論を最初に書くと、ゲームの基本的な部分の不具合が多すぎる。(Too many bugs)
前作無印からのプレイヤーです。確かにまだアーリーアクセスの段階であり、また、2の良い部分は実際ありますが、それ以外の基本的な部分でバグが多く、通常のプレイすらも危ういです。
ロケット組み立て中にフリーズからの強制終了、マニューバノードが全くいじれない、パーツ破壊をオフにしていても何故か爆発する等の現象が起き、事前情報で不具合の多さは知っていましたがプレイ継続がきついです。
新しい機能を実装する前に、まずは不具合を潰して安定して遊べるようにして欲しいです。

◯おすすめな人
・開発支援でデバッグ代を出したい人
・動画投稿等で不具合でもネタにできる人

◯おすすめできない人
・普通にプレイしたく、不具合に耐えられない人

◯良い所
・グラが綺麗
・無意味な発射カウントダウン
・発射場が複数選べる",negative,バグの多さ,ゲームシステム,レビューでは、ロケット組み立て中のフリーズやマニューバノード操作不能など、多くのバグが挙げられており、プレイ継続が困難であると述べているため。
70,おすすめしない,9,アーリーとはいえ不具合が多すぎます。前作で出来ていたことがまるで出来ていない。宇宙船の挙動がおかしい(突然爆発四散して作用圏外までとんでくことがある)どころか数字が嘘をついたり(画面が切り替わるとΔVが変動したり)します。グラフィックは綺麗だけど、ほんとに褒められる点がそれくらいしかない。コンテンツ量が少ないとかじゃなくて根幹たる宇宙開発そのものが満足にできませんね。やたらと意識だけは高い開発にお布施するにしても価格設定が強気すぎる。少なくみてもあと３年は様子見すべきかな～,negative,不具合,ゲームシステム,ゲームの根幹である宇宙開発が満足にできないほど不具合が多いから。
71,おすすめしない,7,"Do not buy at all. This game is a TERRIFIC SCAM.

Since December 20, 2023, almost A YEAR AGO, this game has NO UPDATES except for a few minor bug fixes. Almost A HALF YEAR AGO, the last date this game was updated, and since that day, there has been no news about the dev going, the status of the next update or any other things about KSP 2.

In brief, the dev team, Intercept Games, or the publisher, Private Division, had thrown out the development of this game. It would be OK if this game were not a successor to a mega-succeeded title, or if the developers or publishers wouldn't have used the name to promote the game, or even, in the worst case, if they were honest with everyone if they decided to stop developing the game. But they have been disingenuous with anyone (however, I don't know if they have been sincere with their stakeholders, lol).

They have sunk into silence even now, and the store page vigorously promotes the future of this game, once brilliant, but vain for now.",negative,更新の無さ,ボリューム・価格,長期間にわたってゲームのアップデートが無く、開発チームからの情報も一切ないため。
72,おすすめしない,6,"現状少なくとも今はお勧めできません。
理由はUIの操作性が悪い事と開発途中のため不完全であるためです
ビジュアルが良くなっても２なのに初期のKSPのようでは元も子もありませんし
私は今後KSPのように更新で良くなっていくことを期待しています",negative,操作性,ゲームシステム,UIの操作性が悪いとレビューされているため。
73,おすすめしない,49,"期待はしてる。現在はα版に近い。時間をかければいいゲームになると思う。
2024/05 追記
開発元閉鎖がしたので低評価に変えようと思ったが
「Kerbal Space Program 2」については，何らかの形で開発を継続すると，Take-Two Interactive幹部が答えている
とのことなので高評価のまま様子見します
2025/03追記
2024/06を最後にアップデートが来ないため開発終了したようです。。。未完成品で終わるなら低評価せざるを得ません",negative,開発終了,外部要因・映画化,開発元閉鎖とアップデート停止により、ゲームが未完成品で終わる可能性があるため。
74,おすすめ,0,"未経験の場合KSP1を先にプレイすることを勧めます。

将来マルチ対応予定を楽しみにしています。",positive,マルチ対応予定,その他,マルチ対応予定が楽しみであるため。
75,おすすめ,0,"なんかプロセッサーとかグラボとかよくわかんないけど
とりあえずノートで買おうとしてる諸君
現状ノートPCでは結構なスペックでもゲームを開始できませんよ！
（全部最低設定でも）
しかし我々は宇宙開発を捨てたわけではない。
アーリーアクセスが終わる頃にはまた戻ってくる",negative,スペック不足,ゲームシステム,ノートPCで最低設定でもプレイできないほどの高いスペックを必要とするため。
76,おすすめしない,77,"2025年7月22日更新
開発スタジオが閉鎖され親会社のPD諸共T2から放出されて完全沈黙状態。
心の奥底で「ゲーム業界は利益至上主義とユーザー軽視で自滅祭り中だけど、どっかの開発会社がIP買い取ってくれないかな」と思っていたけど、2025年1月にKSP2にも関わりのある事がゲームメディアで報道された。
他社系列開発スタジオ独立問題を発端にそのスタジオを一斉退職した方々が独立し現権利者とされる投資会社から支援を受け同社からPDが所有していたIP等を買い取ったのでは(一部報道では買い取るのでは)ないかと言う報道。
只、現状では噂の領域の話であって報道から半年が経っても内容の真偽がはっきりしていない。
そして、IPを取得した所で現状のKSP2に開発を再開するメリットがあると判断されるのか、再開した所で安定して開発を続けて行けるのか等々…
購入を考えている方は上記の件がどうなるかを見届けてから購入の是非を判断した方が賢明と思います。

現状の内容はKSP(1)をやった事がある方なら応用でなんとか遊べる程度で、KSP(1)をやった事がないと言う方はバグが多過ぎて正しい動作なのかバグなのかの判断が付かず真面に遊べない内容です。",negative,バグ,ゲームシステム,レビューではKSP(1)をやった事がない方はバグが多すぎて正しい動作なのかバグなのかの判断が付かず真面に遊べない内容だと述べているため。
77,おすすめ,40,"0.1.2.0の状態でも初期KSPに近い感覚で遊べるようになりました。
今後のロードマップに十分期待できる下地になっていると思います。",positive,初期KSPに近い感覚,ゲームシステム,初期KSPに近い感覚で遊べるようになった点が評価されているため。
78,おすすめ,156,"バグが多い。例えば、設定からデブリが表示される数を上げないとEVAができなかったり。(つまり緑の命はデブリ)
でもそれをずっと言っていても埒が明かないので、バグレポートをジャンジャン送りつけて、あっちのサーバーぶち壊しにいきましょう。将来に期待しておすすめします。
Debdeb星系って名前面白すぎだろ",positive,デブリ,ゲームシステム,デブリの数が設定で調整できるという要素が、ゲームプレイに影響を与えるため。
79,おすすめしない,12,開発再開してくれー,negative,開発再開,外部要因・映画化,ゲームの再開発を望んでいるため、現状に不満を抱いている。
80,おすすめしない,10,"バグまみれでゲーム性に乏しいうちに開発停止になってしまった
1000時間遊べるはずだったのになんてことだ",negative,ボリューム不足,ボリューム・価格,ゲームが短く、期待していたボリュームに達しなかったため。
81,おすすめ,264,"音楽と天体表面のテクスチャが格段に進歩しました。
確かに不具合は多いです。
しかし環境にもよるのでしょうが遊べます。
遠くの天体に遠征したりSSTOや宇宙ステーションを作ったり、多くの方がスクリーンショットを公開している通りです。",positive,音楽と天体表面のテクスチャ,演出・グラフィック,音楽と天体表面のテクスチャが格段に進歩した点が評価されているため。
82,おすすめ,193,"まだアーリーアクセス版という状態なので、バグが多いですがアップデートで改善されれば言う事なしの作品だと思います。
自由度が高くて、自分が設計した機体が思った通りに動いてくれた時の達成感は凄まじいです。
宇宙船に限らず、飛行機や車以外にも創造力で色々作れます。
もし上手くいかなくても、自分で考えて改善していくのも面白くて、いつの間にか時間が経っていて1日が終わってる事もあります
前作をプレイしていいなと思ったら、買うのも有りだと思います。",positive,自由度,ゲームシステム,自由度の高さで機体を設計し操作できる楽しさが表現されているため。
83,おすすめしない,1,"自分はKSP1を300時間近くやってます。
飛行機関連ですが、前作との違いです。
まず、主翼とスタビライザーに統一されました。といっても、正式版になったらもっと増えると思います。
前作にあったピッチ、ヨー、ロールは1つにまとめられました。つけられている角度によって異なります。
ゲームに関してですが、どうやらバグが多いようです。
RTX3080＆i7 11800Hをもってしてでも4倍速では少し重かったです。
正直なところこれで7000円弱は高いのでセールまで待ちましょう。
今すぐゲームとして遊びたい方やKSP2が初見の方はKSP1を買うことをおすすめします。
ですが化ける素質は十分あります。今回はおすすめしませんが将来に期待しながらプレイしていきます。",negative,価格,ボリューム・価格,7000円弱は高いと述べているため。
84,おすすめしない,1,開発中止状態です。バグまみれで正直お勧め出来ません。買わない方が良いです。,negative,バグ,ゲームシステム,バグが多い点を指摘し、おすすめしないため。
85,おすすめしない,188,"2024/11/17 開発者のInterceptGamesが解散、IPが売却予定という事で、アーリーアクセスのまま開発が中止された状態です。それなりに遊べなくはないですが、現状購入をおすすめする事はできません。KSP1で遊びながら、開発が再開されるか、他の宇宙開発ゲームが進展するのを待ちましょう。

2023/04/16 Patch2のリリースにより、プレイに支障をきたすバグが発生するケースがかなり減少しました。
動作もリリース直後に比べてかなり快適になってきています。

2023/03/17 Patch1がリリースされ深刻なバグのいくつかが解消し、かなり遊びやすくなりました。

2023/02 現状バグが散見されゲームプレイに支障をきたしていますので、KSPを始めてプレイされるという方にはオススメしにくい状況です。とりあえずウィッシュリストに登録しておき一通り最適化が進み、コンテンツが充実してきた辺りで購入されても遅くはないかと。
興味を持たれたらまずは前作を購入して体験してみるのがおすすめです。ハマれば何百時間も遊べます。

前作に比べてBGMやメカニックの描写が大幅に強化されており、臨場感はすごいです。
Ver1.0がリリースされる頃にはとんでもないゲームに化けているかも？
と、期待しながら毎日遊んでいます。",positive,前作との比較,その他,前作と比べてBGMやメカニックの描写が大幅に強化されており、臨場感がすごいと述べているため。
86,おすすめしない,20,"[h3]最終レビュー[/h3]
でもパラドはちゃんと完成させるんだよね

[hr][/hr]

[h3]サイエンス実装後[/h3]
For Science!
サイエンスモードが実装されたことで、とりあえずは[b]ゲーム[/b]として遊べるようになった。
α版以前とすら言えるような状態でのリリースにも意味があったようだ。
少なくとも「KSP遊びたいなら2じゃなくて1買え」とは言わずに済むようになった。

まだグラフィック向上版のKSPといった程度だが、ちゃんとアップデートしてくれるようなので今後への期待を込めても[b]おすすめ[/b]。

[hr][/hr]

[h3]発売当時のレビュー[/h3]
パラドですらもうちょっとまともな状態でリリースする。",positive,サイエンスモード実装,ゲームシステム,サイエンスモードの実装により、ゲームとして遊べるようになったため。
87,おすすめしない,94,"今度は1.0のリリースに向けて修正パッチの頻度を下げるらしい。
不具合を早く直してほしいのは分かるが頻度を下げるらしい。
資金も士気も十分にあるらしい。
こっちの士気はとっくに無いよ。
あなた達は私達とは真逆の考えであることに絶望しています。
1度にあれほどたくさんのパッチを望んではいません。
頻度を上げて少しでも早く不具合が修正されることを希望しています。
It seems that they are planning to decrease the frequency of bug-fix patches for the 1.0 release. While I understand the desire to fix issues quickly, it seems they will be reducing the frequency. They apparently have sufficient funding and morale, but we have long since lost our morale.
You seem to despair at the fact that we have opposite ideas. You do not want so many patches at once. We hope to increase the frequency so that any issues can be fixed as quickly as possible.",negative,パッチ頻度の低下,外部要因・映画化,開発チームの考えとプレイヤーの意見が対立し、パッチ頻度の低減に不満を抱いているため。
88,おすすめしない,11,"現状とてもじゃないけれども遊べる状態じゃない。アーリーアクセスを盾に、基本的なゲームプレイ部分のバグをリリース２週間放置し、正式な導線を通してのコミュニケーションを一切せずに、discordや批評的なyoutubeチャンネルにのみコメントで返して、バグの修正の目安も告知していない。

アーリーアクセスとしてゲームを出す際に、ロードマップ上の機能がまだなかったり、多種多様の環境で起きうるバグ等が修正されていないのは当然のことだと思う。しかし、50人近くの従業員がいる企業でゲームの根本の動作にかかわるバグ（分離機構がそもそも動かなかったり、燃料がステージング上位部分から利用されたり、衛星マップでの軌道が表示されなかったり）一度遊んでみればわかるバグをとらないままリリースし、パフォーマンスを改善することが主の目的であるKSP2のパフォーマンスが1より圧倒的にひどいことなど、多くの問題を抱えたままリリースしているのが現状。「アーリーアクセスでみんなと一緒にいいゲームにしていこう！」といえば聞こえはいいが、かなり厳しい言い方をするとそもそも意見を出すに値するレベルに達していない。

もしこれが5人とかで作っているゲームであれば大きな問題にはならなかったと思うが、40～50人規模の開発期間５年強のプロジェクトで、さんざん公式youtubeチャンネルにおいて制作ショートドキュメンタリを出してゲーム内容を持ち上げておいて、出されたのがこれだと流石に「5年間何してたの？」ってなる。ロードマップの内容である新機能等が入るのがいつになるのかわからないが（実際ロードマップに期間や期限は記されていない）、相当先になるのは目に見えている。

グラフィックはきれいで音もきれいだが、それ以外に褒められるところがほとんどなく、KSP1にMOD入れてやるのが当分正しい遊び方になるとは思う。いずれよくなることを祈っているが、TakeTwo(開発のPrivate Divisionの親会社)の大規模レイオフがこのタイミングで行われていることなど、あまり期待はしていない。KSP1が大好きなので非常に心苦しいが、とてもじゃないけどおすすめはできないし、今でもしっかり遊べる1をやってほしいと思う。",negative,バグの多さ,ゲームシステム,根本的な動作にかかわるバグが多く、プレイに支障をきたしているため。
89,おすすめしない,65,"このゲームを購入し一通りプレイした感想です。
グラフィックやサウンドの向上により没入感が上がりましたが、ゲームがかなり重いのでせっかくのグラフィックを楽しめずにいます。ゲームに対応しているノートパソコンで推奨値もそれなりに満たしているはずなのですがグラフィック設定を「低」にしてもかなり重いです。それにバグもかなり多く着陸したはずの機体がいつの間にか惑星を貫通していたりします。自分の中ではゲームを軽くしてほしいというのが一番の願いです。これで6000円以上はかなり高いと思います。現在購入を検討中の方はご自身のパソコン環境やお財布状況を確認したうえで購入することを推奨いたします。今後の運営さんの動きに期待しております。よろしくお願いします。",negative,ゲームの重さ,ゲームシステム,グラフィック設定を「低」にしてもかなり重いという記述から、ゲームが重くプレイに支障があると感じているため。
90,おすすめ,365,どうしてこうなった,negative,映画化,外部要因・映画化,ゲームの内容ではなく、映画化に関する不満を述べているため。
91,おすすめしない,16,"このゲームは絶対に買わない方が良いです。

前作以下どころかバグだらけ未実装要素だらけでアーリーアクセスを開始するのはよくあることなのでまだ許せました。
そんな状態でSNS等で広告を打ったりフルプライスで売りつけたりするのもまだギリギリ許せました。

しかし…このファッキンシット運営は6月に業績悪化を理由に前作KSPの開発メンバーを全員クビににしやがりました。
（これはリークで判明したことで運営はそれを認めてません）
いまだにバクだらけでロードマップもほとんど進んでおらず今後のアップデートは望めない状態です。
事実、6月上旬アップデートから音沙汰が無くなり半年が経とうとしています。
今のゲームの出来と今後の展望を考えると、このゲームは

　　絶　対　に　買　っ　て　は　い　け　な　い　です。

なんというか前作のネームバリューを借りた集金目的のゲームでしたと言われたほうがしっくり来ます。
（アーリーアクセスでまともに遊べない状態なのに広告を大々的に打っていた時点で怪しむべきでしたね！）
良い夢見れたぜ…と言いたいところですがこんなの悪夢です。
本当に残念に思います。今後開発が続き、ロードマップが達成されることを切に願ってます。

なんかこのゲームおもろそーって思った人は前作買ってください。
このゲームは現状、総合的に前作比1/4くらいしか完成してません。（価格は２倍なのにな！）",negative,バグだらけ,ゲームシステム,レビューではゲームがバグだらけで未実装要素が多いと述べられているため。
92,おすすめしない,4,"いずれはKSP1に匹敵する素晴らしい作品になるでしょうが、今は手を出すべきではりません。
アーリーアクセスとして考えても、よほどのモノ好きでなければ避けましょう。

KSP2の目玉機能は実装されておらず、KSP1にも満たない状態です。
このような強気な価格でプレイしたい人など一握りでしょう。
一部では広告が打たれていますが時期尚早です。クラウドファンディングあたりにしておきべき。",negative,ボリューム不足,ボリューム・価格,KSP1にも満たない状態であり、強気な価格設定であるため。
93,おすすめ,40,k,negative,映画化,外部要因・映画化,映画化に期待していたが、ゲームの内容と関係ないため不満を述べている。
94,おすすめ,18,"KSPで分からなかった宇宙航行の仕組みが分るようになりました。チュートリアルを最初から最後までやれば、KSPでもムンの周回軌道までぐらいは行けるようになるはずです。KSP2の良いところは、惑星の作用点が視覚的に分かるようになったことと、初心者の方が、とっつきやすくなったことです。とてもフレンドシップになりました。
サクサク出来るようにもなりました。
　今は、KSPとKSP2（アーリーアクセス版）とを持っていた方が楽しめます。
　このソフトは、惑星起動と軌道投入までしか今のところ出来ませんが、ロケットの組み立てが出来ますので、そこまでの事しか考えてない人には大変おすすめできます。
　チュートリアルがまだ完成していませんが、バージョン１になるころには、かなり良くなりそうなので、KSPを難しすぎて間が開いてしまった人に是非ともやってほしいです。でもアーリーなのに結構お高い値段です。今は、KSPの補佐役と考えてもらえば、最後には、この手のシュミュレーターは結構いけそうな感じです。だとしたら、買うのは、セールを待ってみてもいいかもしれませんね。
　KSP2のおかげで、KSPのキャリアイベントが進むようになり、大変手に入れてよかったなと言うことです。
　悪いところは、かなりのハイスペックマシーンじゃないと、（RTX3080）ちょっと厳しいかもしれません。最終的にはRTX4090まで行くのかなと感じますが、今は、3080でも全然動きますので大丈夫です。
　コツがわかれば、たぶん小学生でも行けそうです。これをよしとするか、悪いとするとするかでしょうけどね。
　あと、RTX3080のファンがブンブン豪い音をだしますので、長時間やるのが怖いです。",positive,初心者向け,ゲームシステム,チュートリアルが充実し、とっつきやすくなった点が挙げられているため。
95,おすすめしない,21,"お布施として購入したがはっきり言ってゴミ

前作と比べて劣化したと言っているのではなく
そもそものゲームの完成度があまりのも低すぎる

ロケット組み立て棟でのバクが多くまともにロケットが組み立てられない
例えば、テクスチャが残ったままで機体をロードし直すまで消えない（それも画面の最上位に来て邪魔）

また、デザインの面でもユーザーをイライラさせる使用がある
ぱっと見デザインはスタイリッシュになったように見えるが
翼の形状をいじれるウィンドウがパーツマネージャーの下に出てくる初見殺しがある
もちろん、ウィンドウのポップアップの位置は変えれない

またパーツマネージャーなどのウィンドウでは数値はすべてスライダー
感度が高いマウスを使っている人間にとってはかなりつらい
そもそも、ウィンドウを表示、選択までが1秒以上かかり動作がもっさりしているため間違えて選択してしまうことが多発する

あまりにも組み立てが直感的にできないため、ロケットを飛ばしたいならプリセットで我慢せざる負えない状態

このようにユーザーが快適に遊べないのでこのような評価をつけた


ただ、私は今後のアップデートによって、神ゲーになることを信じている",negative,ゲームの完成度,ゲームシステム,バグや操作性の悪さがユーザー体験を阻害しているため。
96,おすすめしない,24,"[h1]KSP2の今後は大丈夫か？大丈夫だと言ってほしい[/h1]
前作は800時間ほどプレイした上での文章です。

[b]■良かった点[/b]
・グラフィックの改良
・サウンドの改良
・チュートリアルがわかりやすい
・とりあえず開発中止にはならなかった事
・マイルストーンどおりに開発されれば非常に遊びがいがありそう

発射時のウォーターカーテンや大気圏外ではプルームが拡散されるなど細かいところでそれっぽさが出ていてテンションが上がります。サウンドも重厚感がありチュートリアルも充実。試行錯誤してロケットを飛ばすという体験はとても向上しています。惑星の地形もリファインされて探検しがいがあるな！という印象です。2のメインとなるコロニーや星間航行やマルチプレイがこの空間でプレイできるとなると間違いなく楽しくなるだろうという印象でした。

[b]■悪かった点[/b]
・現状は前作を遊んだファン向け
・開発が長引いたとは言えこの価格と不具合と重さは辛い
・開発元から伝わる情報が購入したユーザーの期待とあまり噛み合っておらず不安

もう散々書かれている事ですが期待とは裏腹に現状ロケット作成は前作のリソースを使いまわしたαリリースという印象です。開発会社のゴタゴタやコロナ禍などでプロジェクトが滞ってたかもしれない事を考えても初代の土台がある状態から始まって3年半でこの状況、なら安定するまでさらに長期間…そこに新仕様が追加され…大丈夫か…？という不安になる印象でした。

「まだアーリーアクセスだ。今後改善されるだろう！」という意見はその通りなのですが、その意見はユーザーからではなくまずリリース時に開発側から伝えられるものであってほしかったですね…。現状のパフォーマンス問題やバグをどのように把握しているか、それはどれほど改善されるか、アップデートの頻度はどれくらいか、などこれからプレイを続けていくユーザーへの情報をわかりやすく充実させてKSP2は大丈夫だという印象を与えてほしいですね。（フォーラムに書かれた現状と開発の方針についての[url=https://forum.kerbalspaceprogram.com/index.php?/topic/212254-ksp2-performance-update]投稿[/url]もそのままトップのNewsに載せたりすればいいのに）",negative,開発元からの情報不足,外部要因・映画化,ユーザーの期待と噛み合っておらず不安を感じさせるため。
97,おすすめしない,23,"本当はオススメできない理由は既に色々あったけど、まぁアーリーだししゃーないよな、と思ってレビューは控えてた。
[h1]でも今スペースシャトル打ち上げようとしてて気が変わったわ。これはまったくもってクソ。[/h1]

もう買っちゃった人、ちょっと適当なロケット作ってラジアルデカップラーつけて、わくわくしながら他のMk3系の飛行機をマージしてみ？
がちゃーんつってその飛行機の [b]『 右 側 面 』 [/b]がラジアルデカプラにくっつくから。あのボートとかにくっついてるサイドフロートみたいに。はー。げんなりだわ。",negative,ゲームの不具合,ゲームシステム,ラジアルデカップラーとMk3系の飛行機のマージ時に、右側面が正しくくっつかないという不具合があるため。
98,おすすめしない,33,グラフィックや音はとても良くなったが、それ以外が全然ダメなのでKSPをやりましょう。,negative,その他,その他,グラフィックや音以外の要素がダメだと述べているため。
99,おすすめしない,137,"So, the game has multiple critical bugs resulting in a complete crash, gamebreaking bugs rendering gameplay extremely stressful, and numerous minor bugs impacting smoothness of gameplay.
While definition of ""early access"" is not quite fixed, this game is well in alpha stage of production, far from a state to invite public testers (ie open beta). Paying for this game is more close to backing cloud-funded projects.",negative,critical bugs,ゲームシステム,致命的なバグが多数存在し、プレイをストレスフルにするため。
100,おすすめ,3,"早期アクセスなのに動くってだけでも褒めるべき

でもアップデートの日付と情報出して♡
あとアーケード風のUIちょっとやだからメカメカしいUIに変えれる機能追加して♡",positive,動く,その他,ゲームが動作することを評価しているため。
