番号,判定,総プレイ時間(時間),レビュー本文,AI感情判定(Ollama),具体的な要因,要因の分類,AIによる分析理由
1,おすすめしない,223,"FFX/X-2共にムービーでグリーンバッグ、プレイ中に強制終了、データも残らず。。。
名作なのにいつまでたっても修正されず本当に残念です。",negative,バグ,ゲームシステム,グリーンバッグや強制終了などのバグにより、プレイ体験が損なわれているため。
2,おすすめ,46,優勝,positive,ボリューム,ボリューム・価格,内容が充実しているため。
3,おすすめ,39,"かみげー
泣いた",positive,感動,その他,ゲームの内容に感動したため。
4,おすすめしない,201,グリーンスクリーン。度重なるクラッシュ。これらを放置しつつ未だ販売を続けるなんて、企業の資質を疑う。,negative,クラッシュ,ゲームシステム,頻繁なクラッシュが挙げられているため。
5,おすすめ,106,"本編クリアで60時間ほど(寄り道あり)、裏ボス倒すまで100時間ほど遊ぶことができました。
ストーリーや戦闘周りのシステム非常に良かったと思います。

各キャラの最強武器に必要なアイテムが誰が楽しめるのかわからないミニゲームで入手なのはちょっと微妙でした。
また、ダンジョンの謎解きが説明やヒントが少なくこちらもかなりストレスでした。
取り逃しのアイテムがあると回収が難しくなったりするため、中盤からは攻略サイトを見ながらプレイしました。
また、昔のゲームなのでしょうがない部分ですが戦闘画面で自分か敵を指定するときの操作方法がカメラアングルによって変わる(？）ため、100時間プレイしても慣れることができませんでした。

と、悪い点もいくつかありますがかなり楽しめた作品でした。

同梱の同人作品(？)はやる予定はありません。",positive,ストーリーや戦闘周りのシステム,ゲームシステム,ストーリーと戦闘システムが良かったため。
6,おすすめ,97,"FF10に関してはPS2,PSP,vita,PS3,PS4,steamと
何度もやって何周したか覚えていないが、未だに色あせない名作。
ターン制のバトルが好きな人には自信をもって勧められる作品。
音楽や世界観、そして当時のPS2のグラフィックとは思えない美しいムービーの数々…。
RPGが苦手な人でも遊べる公式チートも搭載されており、
ストーリーだけを楽しみたいという人にもオススメ。
他の方々が言われているゲームが落ちる等の問題は起きなかったから、
私にとっては文句なしの満点。
とりあえず『おとわっか』しか知らない奴は頼むからやってほしい。

FFX-2？
????「お前の欲しがる救いや希望はスピラのどこにもありはしない！」
(steam以外は100%までは一応やってます。)",positive,ターン制のバトル,ゲームシステム,ターン制のバトルが好きな人には自信をもって勧められる作品だと述べているため。
7,おすすめしない,143,クラッシュが多すぎる,negative,クラッシュ,その他,ゲームプレイに支障をきたすほどのクラッシュが多いと述べているため。
8,おすすめしない,29,クラッシュが多すぎてゲームになりません,negative,クラッシュ,ゲームシステム,ゲームプレイを阻害するほどの頻度のクラッシュが発生するため。
9,おすすめしない,13,"ムービーが緑画面だけになったり、突然落ちたりする
今更アプデ修正も来ないだろうし終わってる",negative,アプデ不足,ボリューム・価格,ゲームの品質が低下しているにもかかわらず、アップデートが行われないため不満を抱いている。
10,おすすめしない,7,"突然ゲームが落ちる、画面がグリーンになって進めなくなるなどバグが結構多い。
ゲームが面白いという意見もあるが所詮は25年以上前のゲームなので、イベントのスキップができない、戦闘がもったりなどプレイ中は結構モヤモヤすることが多い。というかRPGなのに戦闘が単純に面白くない。あとFFのゲーム全体に言えるが実績が単純に作業になりがちなのでその点でもおもしろくはなかった。
このゲームの価値は「ゲームとしての面白さ」というか「ストーリーの面白さ」だと感じたのでストーリーを追いたいだけなら上記のバグの件もあり誰かのプレイを見たほうが良い気がする。そのストーリーでさえ声優の演技力やセリフ回りなどでうーん…と思うことがあった。",negative,バグ,その他,ゲームが落ちる、画面がグリーンになって進めなくなるなどのバグが多いため。
11,おすすめ,270,"面白かったです！！
FFシリーズは9までしかプレイしたことがなく
「難しくないかな」「ちゃんとシステムが理解できるかな」
と不安でしたが、非常に楽しめました。

とりあえずFF10の難点を挙げれば
・ムービーの再生時にグリーンバックになるバグがあるらしく公式にて修正されていないため、プレイヤー自身が有志のパッチをゲームクライアントに当てる必要がある。
・一部の最強武器や最強技を入手するのにミニゲームのクリアが必要で、中にはそのミニゲームの難易度が非常に高く諦める場面もあった。（なくてもゲームクリアは可能）

といったところでしょうか。
総合的には非常に面白いし、戦闘システムもゆっくり考えられるので遊びやすいです！！",positive,戦闘システム,ゲームシステム,戦闘システムがゆっくりと考えられるので遊びやすいと述べているため。
12,おすすめしない,74,ゲームクラッシュが多すぎてまともに遊べない,negative,ゲームクラッシュ,ゲームシステム,ゲームクラッシュが頻繁に発生するため、プレイに支障が出ているため。
13,おすすめ,42,"ゲーム自体はとても面白く、懐かしいのですが…ムービーになると一面のクソミドリになる事案が多発します。
一面のクソミドリを眺めながら音声だけを聞かされるのはなんとも言えない気持ちになります。

ですが、ゲームは本当に面白いのでオススメです。
個人的にスフィア盤システムが大好きなので、やり始めると止まらないです。",positive,スフィア盤システム,ゲームシステム,スフィア盤システムが面白いと述べているため。
14,おすすめしない,12,むずかしい,negative,むずかしい,ゲームシステム,「むずかしい」と表現されているため。
15,おすすめ,28,名作だから。一度クリアしているのですが、またやりたくなって再度プレイしてます。,positive,名作,その他,「名作だから」と述べており、ゲームに対する肯定的な感情が伺えるため。
16,おすすめ,150,FINAL FANTASY Xだけで良いけどね、X-2は無理,negative,X-2,その他,FFXのみを推奨しているため。
17,おすすめ,40,"情感マシマシの良作。
主要キャラが良い子強い子で、だからこそ辛い。
ミニゲームとボス戦ザコ戦のバランスが本当に終わっていてテンポが著しく悪くなるところが欠点。
パッチをあてればグリーンスクリーンやクラッシュ問題は無くなるのでそこは無問題。
キマリ好き。",positive,主要キャラ,その他,キャラクターの性格が魅力的で感情移入しやすいと述べているため。
18,おすすめしない,431,"ゲームとしての面白さは文句なしですがsteamでの購入は下記の理由からオススメしません。
①戦闘やイベントなどのシーン切り替えのタイミングでフリーズが頻発する
②イベントムービー時に画面が緑一色となり上手く再生されない（音声は流れるしムービー後は通常に戻る）",negative,フリーズ,ゲームシステム,戦闘やイベントシーンの切り替え時に頻繁にフリーズするため、プレイに支障をきたす。
19,おすすめ,9,普通に面白いですが仕様上VRAMが2GBまでしか利用できないらしく、結構な頻度でムービーがグリーンアウトしたり敵モンスターが透けるなどの不具合があるため　FFX HD 4GBパッチ　などで調べるとその不具合を解決する方法が出てくるので遊ぶ前に一度適応してからプレイすることを推奨します,negative,不具合,ゲームシステム,VRAMの制限によるグリーンアウトや敵モンスターの透けなどの不具合が多いため。
20,おすすめしない,3,"他のレビューでも散見される通り、環境によっては不具合が発生します。こちらの環境では10～30分に一度程度の頻度で、クラッシュおよびイベントシーン中に画面が全面緑化(音声は継続)する現象が発生しました。
また、マップ遷移直前～直後のタイミングでアプリケーションが突然終了するケースもあり、オートセーブはあるもののボス戦を含めて大きく巻き戻されることがありました。

GPU設定の見直しや各種対策を試しましたが、根本的な解決には至りませんでした。

作品自体の評価が高いことは理解していますが、少なくとも私の環境では安定してプレイできる状態ではありませんでした。もし同様の現象が発生した場合は、返金可能なうちに判断した方がよいと思います。",negative,不具合,ゲームシステム,頻繁なクラッシュや画面異常など、ゲームシステムの安定性に問題があるため。
21,おすすめしない,2,"数十年ぶりになつかしさから購入
コントローラー表記が箱シンボルで書かれてPSシンボルにならない
箱シンボルへの理解がないためアーロンのオーバードライブが成功せず気分が落ち込んだ。
コントローラーのサポート切ったり試したが直らないためMODで表記を解決したが、ビサイド漂着後、ムービーごとにフリーズしてゲームが進まない。購入から時間がたっていたので返品もできなかった。
MODが原因かもしれないけどシンボルとの兼ね合いもあってイライラするねとAI君に聞いたらクラッシュの報告は多く報告されています。とあってなんだかなぁという恨みつらみ程度
整合性チェックして戦闘を2~3回挟んでムービー見に行くのだるいね
次はフォルダ内消して再インストールしてMODの影響見てからMOD入れなおして見て影響を確定させて？影響があったら別の方法でシンボル修正方法探して…ゲームできない",negative,MODによる不具合,その他,MOD導入によってゲームがフリーズするなどの問題が発生し、プレイに支障をきたしているため。
22,おすすめしない,50,"クリア後のやりこみの話なので、嫌ならやるなだろうけど
七曜関連のミニゲームが本当にひどい。
操作性悪いわ、スキップできないわ、4倍速なのに、これは倍速すらならないとか
クリアまでは、まぁ、普通のRPGかと",negative,七曜関連のミニゲーム,ゲームシステム,操作性やスキップ不能などの問題点によりやり込み要素として不快に感じているため。
23,おすすめしない,1,せっかくやろうと思ったらコントローラー使えない。キーボードも反応しない,negative,操作性,ゲームシステム,コントローラーとキーボードが使えないため、ゲームプレイができない。
24,おすすめしない,27,"ストーリーは良い
ただ、ゲームとしては苦痛に感じる部分が多すぎる
カメラワーク、成長システム、戦闘システム等、ストレスのたまる独特すぎる仕様
もうやりたくない
こんな作品を名作なんて祭り上げてるから、シリーズがどんどん衰退してるんだと思う

あと、フルHD以上の解像度にすると、ムービーが表示されないことが多い",negative,ストレスのたまる仕様,ゲームシステム,カメラワーク、成長システム、戦闘システムなどがストレスを感じさせるため。
25,おすすめしない,100,頻繁にクラッシュして落ちてしまう。,negative,クラッシュ,その他,ゲームが頻繁にクラッシュするため、ネガティブな感情を抱いている。
26,おすすめ,157,これでいいさ,neutral,ボリューム不足,ボリューム・価格,「これでいいさ」という表現から、ゲームの内容に満足しているか不満を感じているかは不明だが、ボリュームに関する言及があるため。
27,おすすめしない,19,スグ落ちるまともにゲームできん。こんなん買わんほうがいい,negative,ボリューム不足,ボリューム・価格,「スグ落ちるまともにゲームできん」という表現から、ボリュームが不足していると感じているため。
28,おすすめしない,14,ゲームパッドを認識できない,negative,認識不能,その他,ゲームパッドが認識できないという問題が発生しているため。
29,おすすめしない,219,"200時間程遊んだ個人の感想です。
メインストーリー、サブイベント、やりこみ等はかなりのボリュームなのですが、プレイしている途中に画面がフリーズしたのち、そのまま強制終了されることが多々あります。
オートセーブがあるのでそこまで被害があるわけではありませんが、ただただストレスが溜まります。",negative,強制終了,ゲームシステム,頻繁に発生する強制終了によりストレスを感じているため。
30,おすすめ,69,ストーリーは言わずもがな、育成の自由度とやりこみ要素が豊富で良いゲームです。ミニゲームのダルさは健在なので、極限までやりこみしたい人にとっては苦行もあります。FFシリーズにしては珍しくATBではないので、じっくり考えてバトルしたい人やドラクエをやったことある人にはお勧めできます。,positive,育成の自由度とやりこみ要素,ゲームシステム,ストーリーも良く、育成の自由度ややり込み要素が豊富であるため。
31,おすすめしない,18,ｘ－２は複雑過ぎてつまらない。チュートリアルで諦めた。,negative,チュートリアル,ゲームシステム,チュートリアルの難しさが原因でゲームをプレイできなくなったため。
32,おすすめしない,3,"・ムービーゲーだけど、ムービーが見えないことが多々ある。サポートからの回答を実施しても改善せず。。。
　私の環境とは相性が悪いようです。
　環境によっては動くこともあるそうなので、セール時に安く買って、運試しするのもあり。
・（思い出補正あり）ゲーム内容は悪くないと思っています
・PS2のゲームをPCへ劣化移植した感じです。",negative,ムービーが見えない,演出・グラフィック,ムービーが映らないという問題が発生し、サポートからの回答も改善をもたらさなかったため。
33,おすすめしない,17,"ムービーや画面の切り替わりですぐ落ちる
まともにゲームできない返品したいレベル",negative,動作不具合,その他,ゲームが動作せず、レビュー者は返品を検討しているため。
34,おすすめ,37,"セールで安くなっていたので購入しました。
移動中にフリーズして強制終了がたびたび発生します。セーブはこまめに取りましょう。
いきなり画面が緑になって映像が見えなくなる現象はフルスクリーンに設定したら発生頻度がぐっと減りました。発生しなくなるわけではないので、どうしても気になる方は自己責任でパッチをあてましょう。
シナリオ、BGM、戦闘については割愛します。",negative,フリーズ,ゲームシステム,頻繁に発生するフリーズと強制終了によりプレイに支障があるため。
35,おすすめ,126,"ゲーム性とストーリーが完成された究極のFF。
操作感やシステムは慣れるのに時間はかかるが、倍速などの機能でレベル上げや移動は楽にできてGOOD。
音madで知った人は元ネタを知って一石二鳥で楽しもう。",positive,操作感・システム,ゲームシステム,倍速などの機能でレベル上げや移動が楽にできるため。
36,おすすめ,264,よくできたゲームですが、steamでのプレイではレイヤーのバグや画面一面がグリーンバックのようになってしまうバグなどが目立ち、没入感に浸っていたところに水を差されることが多くありました。それを差し引いてもいい作品だとは思いますが。,negative,バグ,ゲームシステム,レイヤーのバグやグリーンバックのバグが目立ち、没入感を損なうため。
37,おすすめ,39,(´;ω;｀),negative,映画化,外部要因・映画化,ゲームの内容よりも、映画化に関する不満を述べているため。
38,おすすめしない,169,"PS2版でクリア済み
おすすめしないに票を入れてるけどゲーム自体は面白い
本編を遊んでいる時はそんなに落ちなかったはずなんだけど
やりこみだしてから急にエラー落ちが頻発しだして
何度も戦闘をやり直すことになって
さすがにこれはおすすめできるとはいいがたいという感想になった
落ちるたびにこっちはセーブを戻されるわけだしな
ほかにもsteam版はグリーンバックでムービーが見れなくなることがあったり
なんかひどいなと思う
自社の評判を進んで落としにいくようなことをするのは会社としてどうなんだろう
信用の積み重ねは、今ではなく未来のためにあるというのに
それを投げ捨てるとは

F1で使える4倍速や、F3で使えるエンカウントコントロール
それとオートセーブなど
便利な機能もあるので、完全におすすめできないかと言われると難しいラインだ
エラー落ちとムービー異常さえなければ文句無しにオススメなんだけどね

あと個人的に思ったストーリーの感想なんだけど
結局やっぱ戦争ってクソだなって思ったわ
過去の残響がいつまでも残り続けるなんぞ
現代に生きてる人間からしたら、いい迷惑だな

※加筆
デアリヒターの撃破まで遊んだし
ラスボス倒してエンディング見たら
おすすめするに票を入れ直そうかなと思ってた
しかしラスボス戦の後半でエラー落ち
うん、やっぱこのバージョンをおすすめするのは無理がある

しかし改めて遊んでみても面白かったのは事実
特にスフィア盤を綺麗に整地するのは謎の爽快感がある
プレイヤーの運が敵の運を75上回っていると
プレイヤーの命中と敵の回避には意味がなくなって必中になったり
そういった詳細を把握していくのも楽しかった
本当にエラー落ちとムービー不具合さえなければって感じだな",negative,エラー落ち,ゲームシステム,頻繁なエラー落ちにより、戦闘をやり直す必要があり、プレイのストレスになったため。
39,おすすめ,35,"絶対にパッチを当ててからプレイしましょう。
ムービーが緑一色になります。
4gb patchで検索。",negative,ムービー,演出・グラフィック,ムービーが緑一色になるバグがあるため。
40,おすすめ,168,"FF史上最高のストーリー。
自由度の高いキャラ育成システム。
BGMだけで全て思い出せるほど
心に残りすぎる名作🥺♡

XをPlayしたら他のFFシリーズが
劣ってみえてしまうので
当時のわたしはXとX-2で卒業…

24年前のゲームとは思えない(PS2時代)
ムービーグラフィックは流石スクエニ👑

そのどちらも一気に遊べるリマスター版‼
X-2は変わらず謎仕様と謎キャラ変に
頭が追いつかずあまり好きではない⤵
〝ヤドノキ〟も無駄にしんどい😓",positive,自由度の高いキャラ育成システム,ゲームシステム,FF史上最高のストーリーと自由度の高いキャラ育成システムを評価しているため。
41,おすすめ,107,チョコボが避けられませんでした。精進します。,negative,チョコボ,その他,チョコボに当たってしまったというネガティブな経験を述べているため。
42,おすすめ,80,"FF10のみでの評価。
・メインシナリオでオススメとした。　　七曜の武器の強化やダーク召喚獣までやりこむならオススメしない。
・キャラは個性がありよい。リュックは性格と声が受け入れれなかった。
・戦闘は、敵の行動順も含めて見えるので、緊張感がなくつまらない。
・スフィア盤は、前半は制約が多く、後半は自由度が高く面白くない。またメインシナリオと適正レベルがわからない点がよくない。
・改造や、モンスター訓練所のモンスター集めは、作業ゲーで面白くない。
・七曜の武器は強化済みだが、メインシナリオ攻略上で取得前提なのか不明な点がダメ。
・ミニゲームはあのレベルにした意味がわからない。だからスクウェアはダメな企業。
・International版からのダーク召喚獣は多くのバランスをダメにしている。

FF10-2は受け入れれなかった。
これなら、FF10-0でブラスカ・ジェクト・アーロンの旅を発売してくれた方がよかった。",negative,戦闘システム,ゲームシステム,敵の行動順が見えるため緊張感がなくつまらないと述べている。
43,おすすめしない,8,バグやクラッシュが多くてお勧めできない,negative,バグ・クラッシュ,ゲームシステム,バグとクラッシュが多い点を指摘しているため。
44,おすすめ,44,ミニゲーム以外神のゲーム。,positive,ミニゲーム以外,その他,「ミニゲーム以外神のゲーム」という表現から、全体的な評価が非常に高いと判断できるため。
45,おすすめ,29,"大人になって初めてクリアした作品です。
幼い頃は、広いワールドを探索できるのが好きでFFシリーズをやっていたため、一本道感のあるFF10はあまりなじめず挫折してました。
ですが、最高傑作とも言われる本作はやはり最後までやり切ってみたいと思い、こちらのリマスター版を購入。クリアまでやり切りました。
感想ですが一言だけ。最高でした。もっと早くにクリアしておけばよかった…。
20年前の作品とは思えないクオリティのゲーム体験ができました。

伝統的なFF世界観の集大成がFF9、現代FF世界観のベースになっているのがFF7と本作であるように思います。
リマスター版としてFF10に再会する機会を与えてくださったスクエニには感謝しています。

他の方も言うように、ムービーがグリーンスクリーン化する問題はあります。
確かに没入感を削がれる問題点ですが、オートセーブがこまめに仕事してくれているため、自分は都度ロードする方法を取りました。ご参考になれば幸いです。",positive,クオリティの高さ,その他,20年前の作品とは思えないクオリティのゲーム体験ができたと述べているため。
46,おすすめ,411,"きっかけなんて何でも良いんです。
FFⅩ-2もぜひプレイしてください。
私は当時から本気でⅩ-2を評価しています。
Ⅹの追加裏ボスよりも、Ⅹ-2のラスボスのほうが実績解除率低いのが今でも信じられません。
プレイしてみて駄目だったら無理にとは言いません。
時々でいいから・・・・・・思い出してください。",positive,ラスボスの難易度,ゲームシステム,実績解除率の低さを評価しているため。
47,おすすめ,56,"ストーリーに重厚感があり、没入しながら楽しめました。
キャラ育成ではスフィアシステムが新鮮で、自分好みのステータスや技を覚えられることで戦略性も試される良いゲームでした。",positive,スフィアシステム,ゲームシステム,キャラ育成におけるスフィアシステムが新鮮で戦略性を高めているため。
48,おすすめ,23,"個人的殿堂入りゲーム
原作PS2版プレイ済み。こちらでは未クリアだけど、ふとyoutubeで流れたエンディングだけみて号泣したので我慢できずにレビュー

[h2] いいところ [/h2]
■シナリオ
人生で初めて泣いたゲーム；；最初から最後まで、ストーリーが「シンを倒して世界を救う」で一貫していること、主要キャラの立場が途中で逆転するのがグッド。物語の主軸として、ユウナとの男女の関係の方に焦点あたるが、個人的にはジェクトとの不器用な親子関係の方がツボ。どっちも良いのは間違いないけど！

■BGM
いや～～～～～～～いい曲おおい！フィールド曲が特にいい。ザナルカンドで流れる「いつか終わる夢」が、旅の終わりを告げていてとてもエモい

■キャラクター
ひとりひとりにバックボーンがあって、そのキャラクターの考え方や芯がわかる。キャラクターが世界で生きてる...のに...[strike]おとわっか...ﾄﾞｳﾁﾃ... [/strike]

[h2]わるいところ [/h2]
■一本道
よく言えば没入感がある。悪く言えば寄り道できない。ハマれば文句なしだけど、ゲームの遊びの幅として文句が出るのも納得できる。時間のない現代人にはむしろ良いのかもしれない

■やりこみの少なさ
モンスター訓練場くらいしかやることがねぇ。プレイキャラも育てきったらみんな似たようなステータスでオーバードライブでの差異しかなくなってしまうのも×

■不便なままの古さ
リマスター化されているものの、システム面やUIは発売当時のままなのでかなり不便。ムービースキップがないこと、戦闘事に体力回復しない等めんどくさいことも多い。敵とのエンカ率も高いが後半エンカなしの装備が手に入るため、問題なーし

[h2]まとめ [/h2]
間違いなくJRPGにハマるきっかけになったし、最高の作品
[b] 7Rみたくフルリメイク待ってまーーーーーーーーーーーーーーす！！[/b]",positive,シナリオ,その他,ストーリーの面白さと、ユウナとの関係やジェクトとの親子関係など、キャラクターの魅力が引き込まれたため。
49,おすすめ,59,ストーリーは(序盤の苦痛の上で)とても面白かった。FF初心者だからだとは思うが戦闘がつまらなかった。,negative,戦闘,ゲームシステム,戦闘がつまらないと感じているため。
50,おすすめ,139,"2025年12月にプレイ中です。
まず、FF-10という作品自体は最高に素晴らしいため、おすすめとさせて頂きます。
一方で、皆さんおっしゃる通り、Sreamからダウンロードしたままの状態だと主に2点の問題により正常動作しないため、対策についてこちらに記載しておきます。
本問題に対するスクエニの対応には呆れ、信用にたるものではありませんが、作品はリスペクトしています。

1）頻繁に緑色画面になりプレイに支障がある点
こちらは、外部サイトですが以下でご説明されているパッチを当てることで解消されます。
https://note.raikiri.page/318/troubleshooting/

2）処理落ちしてプレイができない点
私の場合は、幻光河を渡る際のバトル終了時点で発生しました。
こちらはおそらくソフト側のメモリの使い方によるものかと思いますが、発生した場合は一度Steamを完全にシャットダウン（タスクバーのSteamアイコン右クリックからSteamを終了）させ、立ち上げ直すことにより改善しました。

皆さんの良好なプレイ体験につながりますように。",positive,FF-10,その他,作品自体を「最高に素晴らしい」と評価しているため。
51,おすすめ,421,"あまりにも面白い。
ストーリーの完成度やムービーは勿論、戦闘の難易度がほどよく難しく、やり込み要素事態もとてもやりがいがあってこだわればこだわるほどキャラに愛着がわく神ゲー。
X-2に関してはゲームシステムは大変良いが、魔物の所持上限が少なすぎるのが本当に残念。
また解放すると二度と手に入らないものもあるためこの辺りはなぜ上限を増やさなかったのだろうかと疑問に思う。",positive,戦闘の難易度,ゲームシステム,ストーリーやムービーも素晴らしいが、戦闘の難易度のちょうどよさが魅力的であるため。
52,おすすめ,23,"あの有名MADから興味を持ってプレイしました
ストーリーはとても面白く、最初から最後まで楽しめました
古いゲームなんで仕方ないんですがストレス溜まる部分が多いです…
私は公式チート使ってプレイしましたがそのお陰でストーリーに集中でき良かったかなと思います
グリーンスクリーンバグは海外ニキがパッチのインストール方法を解説しているのでそちらを見て絶対導入したほうがいいです‼️",positive,ストーリー,その他,レビュー者はストーリーを楽しんだと述べているため。
53,おすすめ,49,ムービー入るとグリーンバックになるストレスがやばくてあまりゲームにのめりこめないけど、ストーリーと音楽は本当に良かった。,negative,グリーンバック,演出・グラフィック,ムービーの演出が不自然でストレスを感じているため。
54,おすすめ,56,"これがFFシリーズ初でしたが、間違いなく神ゲー、傑作でした。おすすめです。
ゲームシステムやNPCのポリゴンこそ時代を感じますが、ストーリーは今の時代でも通用する素晴らしいものでした。
一部動作環境では、4Gパッチをインストールしないとムービー映像が一面の緑になりますが、それさえ入れればムービーを楽しめます。",positive,ストーリー,その他,レビュー者はFFシリーズ初体験でありながら「神ゲー」「傑作」と評価し、ストーリーを特に素晴らしいものとして挙げているため。
55,おすすめ,91,"FFXのみの評価となります。
20数年前、PS2でFFXをやった時は一本道のクソゲーだと思っていた。前半のあまりの自由度の低さに呆れ、後半から解放される寄り道要素は一切やらず、ストーリーだけクリア。その後起動することはなかった。ただ、後年世間での評価は意外と高い事を知り、今回改めてやってみると意外と楽しかった。ただ、この”意外と良いゲームじゃないか？”...という評価は前述の寄り道要素であっさりと覆されてしまった。
各地に出没する凶悪なボス、そして超高難易度のミニゲームに心を折られ完全にやる気を失くしました。公式チートを解放し、ラスボスを撃破し、この物語を終えようと思います。

という事で、万人にはお勧めできないですが、セールで買ってちょっと遊ぶ分には十分楽しめましたので、おすすめにはしておきます。",positive,超高難易度のミニゲーム,ゲームシステム,超高難易度なミニゲームに挑むことでやりがいを感じたため。
56,おすすめしない,33,"FFXは当時相当やりこむくらいに楽しんだので、
低評価を無視しても思い出補正で楽しめると思いましたが、
考えが甘かったです。
懐かしがりたいのに、ストレスでそんな余裕はありません。

ムービーでほぼ確実にグリーンスクリーンになる
ボスさくさく再戦したいのに長いイベントシーンはスキップ不可

これだけでも修正したらストレスが半分以下になるのに残念です。",negative,イベントシーンのスキップ不可,演出・グラフィック,長いイベントシーンをスキップできない仕様がストレスに感じるため。
57,おすすめ,92,"友人に「FFXは神！！」という人たちから無理やりぎみにやらされたゲームでしたが、めっちゃ神ゲーだったのでここに書いときます。
ゲーム性は20年前だからまぁまぁ理不尽な要素がかなりあるのは目を瞑るとして、そこ以外のストーリーや映像、音楽全てにおいて素晴らしいと感じました！！このゲームのストーリーを知らずにできたことに感謝するほど面白かったです。ラストのエンディングが終わった後、余韻が全く抜けず今でもFFXの感想などを友人に語ったりするほどです。ゲームのストーリーで初めて泣いた作品でもあるので、やっていない人は是非ともやってほしい作品です！！
ただFFX2は最初のシーンでもういいかなって思ったのでやっていません。なんかFFXっぽくなかったんで…
結論として、FFX2はやってもやらんでもどっちでもいいんですけど、FFXだけはやっていない方は絶対にやってもらいたいです！！絶対ガッカリしない！！以上！！",positive,ストーリー・映像・音楽,その他,ストーリー、映像、音楽が素晴らしいと感じたため。
58,おすすめ,122,神,positive,神,その他,「神」という表現から、作者はゲームを非常に高く評価していることがわかるため。
59,おすすめしない,116,"ストーリーのムービーで画面が緑色になり、視聴できなくなる。長い事いわれているが、修正されてない。初めてff10をやるならsteam版は買わない方がいい。体験が台無しになります
ストーリーや戦闘は良いです。
ゲーム内に公式の升が実装されているので、2回目以降ややり込み要素目的の人にはオススメです。",negative,画面緑化バグ,演出・グラフィック,ストーリームービーの画面が緑色になるバグにより、ゲーム体験が台無しになると述べているため。
60,おすすめしない,96,"FF10のみプレイしましたが、ところどころのイベント画面でグリーンスクリーンになってしまいます。
肝心のエンディングですらろくに見れないです。",negative,エンディング,演出・グラフィック,エンディングが見れなかったため。
61,おすすめ,60,"FF10のみプレイ
クリア時間54時間ほど
FFは7,7CC,13,DDやりました

個人の感想なのであしからず 

[h1] ストーリー[/h1] 
最初から最後まで良かった
ストーリー2割は知ってたんだけどそれでも3回も泣いてしまった
一番最初のザナルカンドのシーン、やばい
ストーリー進んでいって二回目見たときはもーーーーーーーー口あんぐり
あとMADとかのおかげで笑えるとこもある
笑いと感動の両刀で面白い

ガチで一番好きなシーンはジェクト戦前
涙出る

[h1] バトル[/h1]
中盤までは負けることなく倒せてた
シーモア終異体、ユウナレスカ、ジェクトがマジで苦戦した
クリアした時の達成感やばかったです
ヘイストかかったワッカの動き好き

[h1] キャラクター[/h1]
パーティメンバー全員良い
みんな話深掘りあったり成長を感じられるところがあった
ティーダの声優さん(BLEACH黒崎一護役の人)FF10が初声優で初々しさがあるけどこれが逆にマッチしてて最高
ワッカのアルベド嫌いのこと、弟の件知るとまぁしょうがないよなぁと思った
が、リュックと揉めるシーンで流石においって思った
が、シドに謝ったシーンで成長したなぁと感じた
ティーダの面倒見てあげたりする兄貴的な部分も好き
某気持ち良すぎだろで笑いも届けてくれる
アーロンもめちゃくちゃカッコよくて好き

[h1] スフィア盤、装備等[/h1]
スフィア盤システムおもろい　画期的
ユウナで黒魔法打ちてぇってなってルールーのとこに飛んだりした
最初は基本一本道だけど途中からワープスフィア使って仲間のスキル取ったりしていけるの良い
キマリのスフィア盤は腐ってる
キャラ固有アビリティとかあっても良かったのかなーって思ったりした
装備スキルも良い　が改造要求アイテム数が多くねってやつはいくつかあった
戦闘中に装備切り替えできるのはかなり親切

[h1] やりこみ、その他要素[/h1]
ブリッツ
ルカゴワーズ戦だけ悔しくて何回もやった
シュート率の上振れ下振れ　カットで触るかどうかとかの運要素で憤怒
それ以外のミニゲーム的なやつ特にやってない
やりこみたいかと言われたらそんなにだった
寺院
攻略がかなりダル目ではあった
なぜ片手でしかスフィア持てないのか謎　両手で持とうぜティーダ
ヒントとかゲーム内で用意されてたらいいかも

[h1] 快適さ[/h1]
[b] 昔のゲームだからしょうがない[/b] 
・ムービースキップできない
→ボス戦で負けたときまた見ることになる
・武器整理するときに十字→とか←で飛べない一列ずつ下に何回も押さなきゃいけない
・美麗ムービーが緑色になることがある　一番致命的
・飛空艇から降りて行きたいとこ行くときにセーブスフィア指定できない
→移動が面倒くさい
・体力が何分の何かわからない　回復時にしか見えないのは不便
・唯一良いところはオートセーブあるとこ

[h1] BGM[/h1]
オリジナル版でプレイ
「ザナルカンドにて」「素敵だね」神
町の曲、イベントシーン、戦闘曲、ほぼ全部めちゃくちゃ曲良くて耳に残るものばかりだった
クリア後も1か月くらいずーっと聴いてた
アレンジ版も好き

[h1] おススメか[/h1]
ストーリーは間違いなくおすすめ
が、終盤の戦闘の難しさと快適さ、寺院を乗り越えられるかどうかって感じ
難易度選べるのであれば超おすすめしてたかも



名作といわれる神ゲーで間違いない
何週しても泣くだろうし楽しめると思う
いつか快適さと画質とんでもないリメイクが出ることを祈ってます
素敵だね",positive,ストーリー,その他,感動的なストーリーが3回も涙を誘ったため。
62,おすすめ,42,"I don’t think i can say that i like final fantasy anymore after this embarrassment of a story where nothing makes sense and the terrible combat that i forced myself through i would give this game a 4/10

2026 edit 

After careful consideration and analysis of the plot i would say that final fantasy 10 misses the mark as far as delivering a satisfying story, i only say that because it’s delivered in a way that makes you incredibly frustrated and confused if you dont read a book about the world, and i think almost every final fantasy does this, they craft these incredible beautiful worlds filled with life and death but places you in the middle of it all without really knowing anything about the world and it makes for a really frustrating playtime when i cant relate or really understand the story because of how its delivered. 

But without that i think this is a great place to start if you want a fully voiced final fantasy with turn based combat probably one of the best, and i really hope this gets a remake because i think if they handled the story better this could be my favorite one",positive,turn based combat,ゲームシステム,戦闘システムが素晴らしいと述べているため。
63,おすすめしない,44,"Xはとても面白かったが
X-2はユウナのこれじゃない感がするキャラ設定・FFらしくないストーリーでがっかりした",negative,キャラ設定,その他,ユウナのキャラ設定やFFらしからぬストーリーにがっかりしたため。
64,おすすめしない,43,"久々やってみたくなってDL。ゲーム自体は相変わらず楽しめるし、グラフィック、サウンドともにアップグレード。公式チート（公式とチートというワードは共存できないがw）でアイテムやアビリティを全ゲットできるので、純粋にストーリーを楽しむこともできる。

だが、唐突にグリーンバックになる。
フリーズはしないが、画面が緑一色になるので事実上のフリーズ。
細かなオートセーブは、その対症療法なのかもしれない。

だが、いつもオートストーリー中のいいところで発生するのはいただけない。",negative,唐突なグリーンバック,演出・グラフィック,画面が緑一色になるバグが発生し、事実上のフリーズとなるため。
65,おすすめしない,77,"他の人も書いている通り、非公式のパッチを導入しないとまともに動作しない時点で論外。カットシーンに関しても、スキップできるのはあくまでプリレンダリングのカットシーンのみであり、ゲームの大半を占めるリアルタイムレンダリングのカットシーンは一切スキップできない。後述するように本作はけっこう死にゲーなので、ゲームオーバーになるたびに毎回長いカットシーンを見なければならないのはひたすらに苦痛。リマスターするにあたって、ほとんど何もチューニングしていないのはやはり論外だと言わざるを得ない。

ゲーム内容に関しては、よくできている要素とダメダメな要素が両極端な感じで存在している。オーバードライブ（必殺技）の内容や操作方法がキャラクターごとにきちんと差別化できていたり、Path of Exileなどに大きな影響を与えた超巨大スキルツリーなど、基本的なゲームシステムは完成度が高い。一方で、ゲーム後半になると即死級の攻撃を使用してくる敵に連続で遭遇するのだが、全体的に説明不足なので初見殺しの状態であり、しっかりやり込んでいるプレイヤーでもない限り自力で突破するのは難しい。つまり、あまりやり込んでいないプレイヤーは攻略サイトを見ないと相当厳しい。中でも特に「ある条件を満たしておかないと絶対にゲームオーバーになる」という超ド級の即死攻撃を繰り出してくるボスに関しては、ゲーム内では本当に何もヒントを与えてくれないので、攻略サイトありきのゲームバランスになってしまっている。このように、理不尽な死にゲーであることが、先に述べた「カットシーンがスキップできない問題」と相まって、大きなフラストレーションの原因になっている。

最後にダイアログについても触れておきたい。とにかく主人公のセリフ（というか語尾）が全体的におかしい。”青臭い”などという表現では説明がつかないほどイタすぎる。また、オリジナル版の発売当初からすでに批判されていたらしいが、BLEACHの黒崎一護の役で知られる森田成一の演技がだいぶひどい（ちなみに本作FF10が森田成一の声優デビュー作）。当時まだ新人だった女優の松本まりかも出演しており、森田成一ほどひどくはないが、あまり上手いとは言えない。

長くなってしまったが、要するに本作は、今の時代では微塵も通用しない「思い出補正ゲーム」である。",negative,理不尽な死にゲー,ゲームシステム,説明不足で初見殺しが多い敵や、攻略サイトなしではクリアが難しいボスが存在するため。
66,おすすめしない,19,グリーン画面はメモリのパッチあてたらなんとかなるかもしれまんせが強制終了が多発しすぎてまともにゲームができない。ストレスしかたまらない。他のゲームは問題なしで動きます。,negative,強制終了,ゲームシステム,強制終了が多発しすぎてまともにゲームができないため。
67,おすすめ,60,ワッカは良い奴だと思いました,neutral,ワッカ,その他,キャラクターに対する感想のみで、ゲーム全体への評価が示されていないため。
68,おすすめ,130,"FFX/X-2は7歳の頃からプレイしていて、今年でちょうど20年になります。ずっとお気に入りのゲームで、サウンドトラックが本当に素敵です。リマスター版のXの音楽も、改めて楽しめました。

Steam版ではいろいろ問題がありました。頻繁にクラッシュしたり、CGムービーがグリーンスクリーンになったり…。お気に入りのムービーすら見られなかったので、自分でパッチを当てることになりました。あと、グアドサラムの異界の背景がずっと表示されなかったのも残念でした。

倍速機能があったのは本当に助かりました。モンスターの育成とか、作業系の部分がかなり楽になって、最後の周回はこの機能なしでは無理だったと思いますw

あと、X-2の「ラストミッション」は正直ひどかったです笑。

改めてFFXとX-2をプレイできてよかったです。ストーリーもキャラクターも、ずっと心に残る作品です。ユウナは今でも大好きな主人公のひとりだし、アーロンは永遠にクールすぎる存在。FFXは、みんな一度はプレイしてほしいゲームだと思います。",positive,サウンドトラック,その他,音楽が素晴らしいと述べているため。
69,おすすめしない,2,"30分プレイしたら20分はムービー見せられてる。スキップできない。
一応、ムービーをスキップする機能が付けられたらしいが、ただ単に映像が流れるムービーだけスキップし、それ以外は倍速も何もできない。
およそ90分プレイして、初めて魔法の使い方を説明される。
つまり、この時点まで魔法使った戦闘がない。それどころか戦闘がない。
何をするかと言えば、ムービーを見せられてよくわからないまま言われたとおりに動かしてる。
で、魔法の大切さを教えられ、ようやく戦闘しながら冒険してモンスターに出会う。
オートバトルにしたら、さっき、あれだけ魔法が大事といったモンスター相手に魔法使わず戦ってる。
ここまでロクに戦闘がないのに、ずっと前に戦闘で得られるものでスフィアがどうのと長々と説明される。
理解できるわけねーじゃん。
PSからPS2になって初めて販売したFFシリーズで、頑張りすぎてる。
映像の綺麗さと動きを自慢したいだけで、何も面白くない。",negative,戦闘不足,ゲームシステム,戦闘がほとんどなく、魔法の使い方も説明が遅く、理解しにくい内容であるため。
70,おすすめ,37,"ゲームで初めて泣きました
２はできません理由は怖いから",positive,怖さ,その他,ホラー要素が強すぎて、感情的に影響を受けたため。
71,おすすめ,45,"初めてやったが、自分はそこまで感動しなかった
ストーリーは面白かった。
2はまだやってないです。",neutral,ストーリー,その他,ストーリーは面白かったと述べているものの、感動はなかったため感情が中立である。
72,おすすめしない,85,"Xの方を先程クリアして、X-2を初めようとしたので、レビューします！

Xもクラッシュして、落ちますが！
自分の場合は、パッチで入れると、クリアまではストレスなくグリーンにもならず行けました。

しかし！X-2の方が問題で、落ちすぎて、いまだにチュートリアルから先に進めないループしてます

パッチを入れようが抜こうが、整合性チェックやろうが、DLし直そうが関係ないです！

マヂで落ちます！",negative,ゲームの動作不具合,ゲームシステム,X-2は頻繁にクラッシュして、チュートリアルから先に進めない状態が続いているため。
73,おすすめしない,56,強制終了多すぎ,negative,強制終了,その他,強制終了が多すぎるという記述から、ゲームプレイに支障をきたす問題点があることが推測できるため。
74,おすすめ,62,リュックが可愛い。,positive,リュック,その他,リュックのデザインが気に入っているため。
75,おすすめ,35,作品は良いが移植としてはダメ,negative,移植,外部要因・映画化,「作品は良い」と述べているものの、「移植としてはダメ」という表現から、ゲームの移植に関する不満が強い。
76,おすすめしない,43,"他のレビューにもある通りムービー中のピンクバックや、戦闘終了後のクラッシュが多すぎる
これは1でも2でも発生するので非常に雰囲気を壊されてプレイ出来たもんじゃない

因みに他の移植版FFもこういった怪しい動きをすることがあるのでスクエニの技術力はお察しです",negative,クラッシュ,ゲームシステム,戦闘終了後のクラッシュやムービー中のピンクバックなどの不具合が頻繁に発生するためプレイの妨げになっているため。
77,おすすめしない,54,"学生の頃にプレイしてシリーズの中でも一番好きなFFでしたが、Steamのリマスター版はおすすめしません。
他のレビューでも既出ですが、ムービーが緑一色になるバグがあまりにも頻発します。

外部のパッチを当てて対策済みですが、こんなのは公式が対応するべき問題です。
そんなことすらできない今のスクエニには、正直呆れ返るばかりです。

ゲームは間違いなく神ゲーオブ神ゲーなので、もしやるのであればCS版をプレイすることをおすすめいたします。",negative,バグ,外部要因・映画化,公式が対応すべき問題であるバグの頻発により、Steamのリマスター版は推奨できないと述べているため。
78,おすすめ,68,"緑画面　改善先：https://note.raikiri.page/318/troubleshooting/

ストーリ：200点
アクション：100点
やりこみ要素：100点
個人的ユーザースコア：100点　名作
BGMも神

CRAZY GAME
吉田氏　感謝　天才",positive,BGM,演出・グラフィック,「BGMも神」と表現しているため。
79,おすすめしない,59,とにかく落ちまくるし、大事なイベントムービーは緑一色になって見れなくなるしだいぶ酷いです。,negative,演出,演出・グラフィック,イベントムービーの演出が酷いという記述から。
80,おすすめ,330,昔やったことがある人も、初めての人もとても楽しめます。やりこみで最近のゲームでは味わえない面白さを体験しよう。,positive,やりこみ要素,ゲームシステム,やり込み要素が最近のゲームでは味わえない面白さをもたらすため。
81,おすすめしない,11,"とにかくゲームが落ちる、インディーゲーでも見ない不安定さなので買うなら覚悟が必要。
クイックセーブのありがたみをこんな形で感じたくなかった。
ゲームそのもの出来はいいが、定価で買うことは到底お勧めできない。",negative,ゲームの不安定さ,ゲームシステム,ゲームが頻繁に落ちるため、プレイ体験を損なっている。
82,おすすめ,115,"はじめてプレイしました。
最初はなんでこんなことに？？と思いつつも冒険をしておりましたが、徐々に周りが見えるにつれてキャラクターの心情、主人公の青臭さの良さ。
こんな素晴らしいゲームがあったのか……！と最後は涙が止まらずでした。
まだ未プレイの方はぜひ初見でお楽しみください！
既存プレイの方もあの頃を思い出して楽しめる作品ですよね！
本当に「世界一ピュアなキス」でした。",positive,キャラクターの心情,演出・グラフィック,キャラクターの心情や主人公の青臭さが魅力的に描かれているため。
83,おすすめ,136,神ゲ,positive,神ゲ,その他,「神ゲ」という表現から、作者はゲームを非常に高く評価していることがわかるため。
84,おすすめ,127,"[Xは実績ほぼコンプ、X-2は序盤以降放置中]
物語を読むことが好きな自分にとって、とにかく最高のプレイ体験だった。
原作は2000年代の作品だが、リマスターの恩恵かムービーシーンは近年の作品に引けを取らない。また、BGMも世界観とうまく調和しており、これらのおかげで高い没入感を保ちながらストーリーを楽しめる。エンディングを迎えた後は是非オープニング映像を眺めてみてほしい。

ゲーム性については現代の感覚で図ると良くも悪くも普通。しかし下手なソシャゲよかよっぽど楽しいのも事実。
やり込みを進めると隠しボスを含めた全ての戦闘が作業と化すのはきっとそういうものなのでしょう。意図的なステータス上げを全くせずに挑んだラスボス戦の方が間違いなく楽しかったため、負けることに抵抗がない人は寄り道を少なめにクリアしてみてほしい。

最後にアプリケーションのパフォーマンスについて。推奨スペックが低いのをいいことに当方は平凡なラップトップでプレイしたが、クラッシュ等の致命的なエラーはなかったと記憶している。しかし実際のところ不具合がなかったとは言えず、コミュニティの最適化MODを導入するとよいかもしれない。
私の環境では倍速設定時にエネミーにエンカウント後、戦闘開始までの待機がやたら長くなる現象が頻発した。また、他に多く指摘されているグリーンバグはなかったような、1~2回あったような。。。

結論：よほどRPGが嫌いでない人であれば一度は遊んでほしい作品であった。",positive,ストーリー,その他,物語を読むことが好きな自分にとって、とにかく最高のプレイ体験だったと述べているため。
85,おすすめしない,9,"ムービー中グリーンバックになる、キー設定（プロコン向け）もできないからBが決定のまま変えられないのがストレスです。

名作だから何度もやろうと試みるけど、バグと遊びづらさで、毎回挫折する。面白さよりもイライラが上回って作品を楽しめません。

このままずっと改善しないなら、お金を返して欲しいです。",negative,遊びづらさ,ゲームシステム,バグと操作性の悪さがストレスを与え、作品を楽しめないため。
86,おすすめしない,3,ゲームが進行できない、ムービーが見れない,negative,進行不能,ゲームシステム,ゲームプレイそのものができず、ムービーすら見られないため。
87,おすすめ,40,"『Final Fantasy X』は、ゲームでありながら一編の叙事詩のような重厚さを備えている。絶望に覆われたスピラの世界に、ティーダという一筋の光が差し込み、ユウナをはじめとする仲間たちがそれぞれの痛みを抱えながらも歩みを重ねる姿は、プレイヤーに生きる意味や未来を選ぶ勇気を問いかける。特に『究極召喚』の真実が明かされた時の衝撃と、それを拒み新たな可能性を模索するティーダの姿は、愛と希望の物語そのものである。ユウナの微笑みには儚さと強さが同居し、アーロンの背中には過去を背負う者の重みが映る。音楽と映像はその叙情を鮮やかに彩り、ラストに至るまで心を揺さぶり続ける。犠牲と希望、別れと絆が織りなす物語は、単なるRPGの枠を超え、人の心に深い余韻を残す。まさにシリーズの金字塔にふさわしい作品だ。

ムービーのバグは4GB Patchを適応すると治ります。",positive,ストーリー,その他,感動的なストーリーとキャラクター描写が、プレイヤーに深い余韻を残すため。
88,おすすめ,35,"Xの方だけプレイしてX-2は未プレイ
RPGとしての面白さは若干微妙だったが、ストーリーと音楽が良かった
プレイしてるときはあんまり楽しめてなかったけど、クリア後にザナルカンドにてを聴いていい感じに浸れたから高評価",positive,ストーリーと音楽,その他,ストーリーと音楽の良さがプレイ後も印象に残ったため。
89,おすすめしない,2,ユウナのスクショ撮ったらクラッシュ,negative,クラッシュ,その他,ゲームプレイ中にクラッシュが発生したため。
90,おすすめしない,79,エンディングに入る瞬間に画面が緑になるバグがあります。オートセーブでラスボス後からすぐ始められたので2回ほど再起動したら再生されました。無事見れたのでいいですが、感動的な雰囲気は無くなりました。半額くらい返金してほしいです。PSやSwitchでもできるのでそちらをおすすめします。,negative,バグ,ゲームシステム,エンディング直前のバグにより感動的な雰囲気を失ったため。
91,おすすめ,155,"オートセーブがあるとはいえ、未だにクラッシュは放置されているので、手放しではオススメできない。

そんな複雑じゃないけど、キャラ・物語等の表面的な部分とそれ以外の誘導がしっかりしていて、それでいて表面的な部分の雰囲気だけでも十分に楽しめて、疑問が残って引っ掛かりにくいってのが、幅広い人に受けやすいんだと思う。ゲームとしては、バランスがアレ過ぎるが、チート使わずにやり込もうとすると、とんでもなく時間がかかるので、やり込みたい人にはいいのかもしれない。",negative,クラッシュ,その他,クラッシュの問題が放置されているため、手放しでおすすめできないと述べている。
92,おすすめ,26,ティーダのチンポ気持ちよすぎだろ!,negative,性的な表現,その他,不適切な性的な表現が含まれているため。
93,おすすめしない,12,"他の方もレビューしていますがグリーンバック、フリーズなんとかしてほしい。
こんなけ声が上がってんのに改善する気ないんかな。
こっちはお金払ってんのに。",negative,バグ,ゲームシステム,グリーンバックやフリーズなどのバグが修正されないことに不満を述べているため。
94,おすすめ,24,"△面白過ぎてまだクリアしていないけど思わずレビューしているので多少の未通過要素はご容赦ください△

20時間ほど遊んで雷平原あたり、ここでスフィア盤の成長とブリッツボールの選手育成にどっぷりはまっています。
友人の勧めで購入しました。「生まれたころに発売したFFってこんな感じだったんだなあ」と思いながら遊ぶ中で感じるのが、とにかくやりこみ要素・ヒントなしの謎解き要素が多すぎてアルティマニア(攻略本)なしでは100％クリアできない「あの頃のゲームだな」という部分です。初見100％クリアは絶対無理です。隠し要素もあるようなので…

だからこそコンプリート要素の網羅→完璧重視で攻略サイトを見て遊ぶのか、世界観への没入→体験重視で攻略情報を見ずに進むのかといったリアル選択も含め一人一人の行動がそのままプレイスタイルに反映してきますね。どの要素も「良くも悪くも理不尽」だけどその先に得られる報酬体験がしっかりしているので最終的な心情としては面白いバランスになっていると思います。(最適かどうかと聞かれるとやはり20年以上前のゲームだからかな…と思う場面やUIも時々あるので、ここはあえて最適とは書きませんでした)
「こんなの無理ゲーだろ！」がトライアンドエラーを繰り返すうちにできるようになっていく…という、ゲームにおける成功体験をストレートに感じられるのが本当に面白いです。
FF6のようなリアルタイムターン制バトルではなく完全ターン制バトルなのも、FFにあまり触れたことがない一ユーザーの視点から言うとじっくり戦略を考える時間を設けることができるので個人的には助かっています。

ゲームパッドはDUALSHOCK4を流用していますが、普段のプレイにおいて不便に感じることは特にありません。もともとPS2ゲームなのでそのあたりの互換性がきっちりしているんですかね。
ただデスクトップでプレイしているのでマルチディスプレイで別の作業・操作と並行してプレイしようとするとなぜか上向き入力がされる意味不明なバグ？仕様？があることを発見しました。
かなり不便ですがマウスカーソルをこのゲーム以外にクリックすると上向き入力がされるなんてどう考えても想定していない挙動なのには間違いないので、そこは目を瞑っておきます。

やりこみ要素はあればあるほどうれしいタイプのゲーマーとしてレビューを総括すると面白いゲームに間違いないです。この夏はこのゲームにどっぷり浸かって楽しもうと思います。セールで買ってよかった～～！！",positive,やりこみ要素,ゲームシステム,やり込み要素が多く、攻略サイトを参照するかどうかなどプレイヤーの行動が反映されるため面白いと述べている。
95,おすすめしない,76,"FF史上、一番気持ち悪いストーリーだと思う。
ネタバレが含まれるから何がとは言わないが、がっかりしかない。

何がそこまで感動する人がいるのか説明がほしい。",negative,ストーリー,その他,気持ち悪いストーリーと感動しない点にがっかりしているため。
96,おすすめしない,69,グリーンバックはどうとでもなったけど、強制終了が頻繁に起こるせいで常に緊張とオートセーブを意識しないと水の泡になる始末10-2のクリーチャークリエイト作業中やOS作業中に落ちない事を祈るばかり,negative,強制終了,ゲームシステム,頻繁な強制終了によりプレイにストレスを感じているため。
97,おすすめ,39,FFX おすすめ,positive,おすすめ,外部要因・映画化,ゲームを「おすすめ」と評価しているため。
98,おすすめしない,6,"[h1]感動ものらしいストーリーは個人の好みなのでともかく、製品として見ると純粋に出来が悪い[/h1]

発売当時、随分騒がれた作品を24年越しにようやくプレイすることにしたが古さよりもゲームとしての遊びにくさががきつすぎる。

本作をプレイする数日前はFF9をブースト増し増しでクリアして音楽込みでそこそこ楽しめたが本作は「ストーリーを見ろ。飛ばすことは許さん」とばかりに改ページできないテキストだらけでうんざりした。自分のペースで遊ばせろ。

FF9と比べて「物語を見させられる時間」が長く、バトルありきのRPGとしては「どこ向かってんだ？」としか感じず、FF12以降の路線変更の始まりが本作であることが様々な部分からうかがえた。

そこに大企業病がミックスされて2025年現在における凋落したFFシリーズの軌跡がより具体的に理解できるようになった。

スクエニに限ったことではないが「ゲームがやりたいのであってムービーが見たいわけではない」というのを再実感。

RPGとしてもスフィア盤の「半ば決められた育成ルート」に窮屈さしか感じず、4倍速でプレイしてみればグリーンスクリーンと強制終了でまともにプレイできない体験はプレイヤーを冷静な気持ちにさせてくれる。

「ブーストありならFF9も最後まで行けたしFF10も行けるだろ」と思ったがどうやら甘かった。

想像を絶するほどプレイそのものが苦痛。

そして自分は980円で買ったFF13をあまりのつまらなさに開始1時間でやめたことを思い出した。",negative,遊びにくさ,ゲームシステム,テキストの量が多く、自分のペースで遊べず、バトルが中心ではないため「どこ向かってんだ？」と感じる部分が多かったため。
99,おすすめ,50,神作,positive,神作,その他,「神作」という表現から、作者はゲームを非常に高く評価していることがわかるため。
100,おすすめ,67,"Great, reminiscent of my good old days, especially when I was in junior high school.",positive,nostalgia,その他,過去の思い出を呼び起こす内容であるため。
